--
-- PostgreSQL database dump
--

-- Dumped from database version 13.12 (Debian 13.12-1.pgdg120+1)
-- Dumped by pg_dump version 13.12 (Debian 13.12-1.pgdg120+1)

SET statement_timeout = 0;
SET lock_timeout = 0;
SET idle_in_transaction_session_timeout = 0;
SET client_encoding = 'UTF8';
SET standard_conforming_strings = on;
SELECT pg_catalog.set_config('search_path', '', false);
SET check_function_bodies = false;
SET xmloption = content;
SET client_min_messages = warning;
SET row_security = off;

SET default_tablespace = '';

SET default_table_access_method = heap;

--
-- Name: asset; Type: TABLE; Schema: public; Owner: app
--

CREATE TABLE public.asset (
    "ISIN" character(12) NOT NULL,
    ticker character(10) NOT NULL,
    name text NOT NULL,
    sector text
);


ALTER TABLE public.asset OWNER TO app;

--
-- Name: auth_group; Type: TABLE; Schema: public; Owner: app
--

CREATE TABLE public.auth_group (
    id integer NOT NULL,
    name character varying(150) NOT NULL
);


ALTER TABLE public.auth_group OWNER TO app;

--
-- Name: auth_group_id_seq; Type: SEQUENCE; Schema: public; Owner: app
--

ALTER TABLE public.auth_group ALTER COLUMN id ADD GENERATED BY DEFAULT AS IDENTITY (
    SEQUENCE NAME public.auth_group_id_seq
    START WITH 1
    INCREMENT BY 1
    NO MINVALUE
    NO MAXVALUE
    CACHE 1
);


--
-- Name: auth_group_permissions; Type: TABLE; Schema: public; Owner: app
--

CREATE TABLE public.auth_group_permissions (
    id bigint NOT NULL,
    group_id integer NOT NULL,
    permission_id integer NOT NULL
);


ALTER TABLE public.auth_group_permissions OWNER TO app;

--
-- Name: auth_group_permissions_id_seq; Type: SEQUENCE; Schema: public; Owner: app
--

ALTER TABLE public.auth_group_permissions ALTER COLUMN id ADD GENERATED BY DEFAULT AS IDENTITY (
    SEQUENCE NAME public.auth_group_permissions_id_seq
    START WITH 1
    INCREMENT BY 1
    NO MINVALUE
    NO MAXVALUE
    CACHE 1
);


--
-- Name: auth_permission; Type: TABLE; Schema: public; Owner: app
--

CREATE TABLE public.auth_permission (
    id integer NOT NULL,
    name character varying(255) NOT NULL,
    content_type_id integer NOT NULL,
    codename character varying(100) NOT NULL
);


ALTER TABLE public.auth_permission OWNER TO app;

--
-- Name: auth_permission_id_seq; Type: SEQUENCE; Schema: public; Owner: app
--

ALTER TABLE public.auth_permission ALTER COLUMN id ADD GENERATED BY DEFAULT AS IDENTITY (
    SEQUENCE NAME public.auth_permission_id_seq
    START WITH 1
    INCREMENT BY 1
    NO MINVALUE
    NO MAXVALUE
    CACHE 1
);


--
-- Name: auth_user; Type: TABLE; Schema: public; Owner: app
--

CREATE TABLE public.auth_user (
    id integer NOT NULL,
    password character varying(128) NOT NULL,
    last_login timestamp with time zone,
    is_superuser boolean NOT NULL,
    username character varying(150) NOT NULL,
    first_name character varying(150) NOT NULL,
    last_name character varying(150) NOT NULL,
    email character varying(254) NOT NULL,
    is_staff boolean NOT NULL,
    is_active boolean NOT NULL,
    date_joined timestamp with time zone NOT NULL
);


ALTER TABLE public.auth_user OWNER TO app;

--
-- Name: auth_user_groups; Type: TABLE; Schema: public; Owner: app
--

CREATE TABLE public.auth_user_groups (
    id bigint NOT NULL,
    user_id integer NOT NULL,
    group_id integer NOT NULL
);


ALTER TABLE public.auth_user_groups OWNER TO app;

--
-- Name: auth_user_groups_id_seq; Type: SEQUENCE; Schema: public; Owner: app
--

ALTER TABLE public.auth_user_groups ALTER COLUMN id ADD GENERATED BY DEFAULT AS IDENTITY (
    SEQUENCE NAME public.auth_user_groups_id_seq
    START WITH 1
    INCREMENT BY 1
    NO MINVALUE
    NO MAXVALUE
    CACHE 1
);


--
-- Name: auth_user_id_seq; Type: SEQUENCE; Schema: public; Owner: app
--

ALTER TABLE public.auth_user ALTER COLUMN id ADD GENERATED BY DEFAULT AS IDENTITY (
    SEQUENCE NAME public.auth_user_id_seq
    START WITH 1
    INCREMENT BY 1
    NO MINVALUE
    NO MAXVALUE
    CACHE 1
);


--
-- Name: auth_user_user_permissions; Type: TABLE; Schema: public; Owner: app
--

CREATE TABLE public.auth_user_user_permissions (
    id bigint NOT NULL,
    user_id integer NOT NULL,
    permission_id integer NOT NULL
);


ALTER TABLE public.auth_user_user_permissions OWNER TO app;

--
-- Name: auth_user_user_permissions_id_seq; Type: SEQUENCE; Schema: public; Owner: app
--

ALTER TABLE public.auth_user_user_permissions ALTER COLUMN id ADD GENERATED BY DEFAULT AS IDENTITY (
    SEQUENCE NAME public.auth_user_user_permissions_id_seq
    START WITH 1
    INCREMENT BY 1
    NO MINVALUE
    NO MAXVALUE
    CACHE 1
);


--
-- Name: currency; Type: TABLE; Schema: public; Owner: app
--

CREATE TABLE public.currency (
    currency character(3) NOT NULL,
    description text
);


ALTER TABLE public.currency OWNER TO app;

--
-- Name: customer; Type: TABLE; Schema: public; Owner: app
--

CREATE TABLE public.customer (
    id uuid NOT NULL,
    name text NOT NULL,
    branch text
);


ALTER TABLE public.customer OWNER TO app;

--
-- Name: django_admin_log; Type: TABLE; Schema: public; Owner: app
--

CREATE TABLE public.django_admin_log (
    id integer NOT NULL,
    action_time timestamp with time zone NOT NULL,
    object_id text,
    object_repr character varying(200) NOT NULL,
    action_flag smallint NOT NULL,
    change_message text NOT NULL,
    content_type_id integer,
    user_id integer NOT NULL,
    CONSTRAINT django_admin_log_action_flag_check CHECK ((action_flag >= 0))
);


ALTER TABLE public.django_admin_log OWNER TO app;

--
-- Name: django_admin_log_id_seq; Type: SEQUENCE; Schema: public; Owner: app
--

ALTER TABLE public.django_admin_log ALTER COLUMN id ADD GENERATED BY DEFAULT AS IDENTITY (
    SEQUENCE NAME public.django_admin_log_id_seq
    START WITH 1
    INCREMENT BY 1
    NO MINVALUE
    NO MAXVALUE
    CACHE 1
);


--
-- Name: django_content_type; Type: TABLE; Schema: public; Owner: app
--

CREATE TABLE public.django_content_type (
    id integer NOT NULL,
    app_label character varying(100) NOT NULL,
    model character varying(100) NOT NULL
);


ALTER TABLE public.django_content_type OWNER TO app;

--
-- Name: django_content_type_id_seq; Type: SEQUENCE; Schema: public; Owner: app
--

ALTER TABLE public.django_content_type ALTER COLUMN id ADD GENERATED BY DEFAULT AS IDENTITY (
    SEQUENCE NAME public.django_content_type_id_seq
    START WITH 1
    INCREMENT BY 1
    NO MINVALUE
    NO MAXVALUE
    CACHE 1
);


--
-- Name: django_migrations; Type: TABLE; Schema: public; Owner: app
--

CREATE TABLE public.django_migrations (
    id bigint NOT NULL,
    app character varying(255) NOT NULL,
    name character varying(255) NOT NULL,
    applied timestamp with time zone NOT NULL
);


ALTER TABLE public.django_migrations OWNER TO app;

--
-- Name: django_migrations_id_seq; Type: SEQUENCE; Schema: public; Owner: app
--

ALTER TABLE public.django_migrations ALTER COLUMN id ADD GENERATED BY DEFAULT AS IDENTITY (
    SEQUENCE NAME public.django_migrations_id_seq
    START WITH 1
    INCREMENT BY 1
    NO MINVALUE
    NO MAXVALUE
    CACHE 1
);


--
-- Name: django_session; Type: TABLE; Schema: public; Owner: app
--

CREATE TABLE public.django_session (
    session_key character varying(40) NOT NULL,
    session_data text NOT NULL,
    expire_date timestamp with time zone NOT NULL
);


ALTER TABLE public.django_session OWNER TO app;

--
-- Name: objects_permissions; Type: TABLE; Schema: public; Owner: app
--

CREATE TABLE public.objects_permissions (
    object text NOT NULL,
    role_id uuid NOT NULL,
    permission text NOT NULL,
    strategy_type text NOT NULL,
    id uuid
);


ALTER TABLE public.objects_permissions OWNER TO app;

--
-- Name: permissions; Type: TABLE; Schema: public; Owner: app
--

CREATE TABLE public.permissions (
    permission text NOT NULL
);


ALTER TABLE public.permissions OWNER TO app;

--
-- Name: portfolio; Type: TABLE; Schema: public; Owner: app
--

CREATE TABLE public.portfolio (
    account character(8) NOT NULL,
    customer_id uuid NOT NULL,
    strategy_id uuid,
    structure json,
    asset_manager uuid,
    creation_date date NOT NULL,
    updated boolean
);


ALTER TABLE public.portfolio OWNER TO app;

--
-- Name: portfolio_risks; Type: TABLE; Schema: public; Owner: app
--

CREATE TABLE public.portfolio_risks (
    risk_metric text NOT NULL,
    account character(8) NOT NULL,
    value real NOT NULL,
    updated boolean,
    violation boolean
);


ALTER TABLE public.portfolio_risks OWNER TO app;

--
-- Name: portfolio_strategy_history; Type: TABLE; Schema: public; Owner: app
--

CREATE TABLE public.portfolio_strategy_history (
    account character(8) NOT NULL,
    changed_date date NOT NULL,
    strategy_id uuid NOT NULL
);


ALTER TABLE public.portfolio_strategy_history OWNER TO app;

--
-- Name: portfolio_values; Type: TABLE; Schema: public; Owner: app
--

CREATE TABLE public.portfolio_values (
    account character(8) NOT NULL,
    date date NOT NULL,
    value real NOT NULL
);


ALTER TABLE public.portfolio_values OWNER TO app;

--
-- Name: risk_metrics; Type: TABLE; Schema: public; Owner: app
--

CREATE TABLE public.risk_metrics (
    name text NOT NULL
);


ALTER TABLE public.risk_metrics OWNER TO app;

--
-- Name: risk_profile; Type: TABLE; Schema: public; Owner: app
--

CREATE TABLE public.risk_profile (
    name text NOT NULL,
    max_var real NOT NULL
);


ALTER TABLE public.risk_profile OWNER TO app;

--
-- Name: roles; Type: TABLE; Schema: public; Owner: app
--

CREATE TABLE public.roles (
    id uuid NOT NULL,
    name text NOT NULL
);


ALTER TABLE public.roles OWNER TO app;

--
-- Name: strategy; Type: TABLE; Schema: public; Owner: app
--

CREATE TABLE public.strategy (
    id uuid NOT NULL,
    name text NOT NULL,
    currency character(3) NOT NULL,
    description text,
    type text NOT NULL,
    risk_profile text NOT NULL,
    structure json,
    valid boolean,
    management_fee real,
    success_fee real,
    benchmark json
);


ALTER TABLE public.strategy OWNER TO app;

--
-- Name: strategy_type; Type: TABLE; Schema: public; Owner: app
--

CREATE TABLE public.strategy_type (
    type text NOT NULL
);


ALTER TABLE public.strategy_type OWNER TO app;

--
-- Name: support_messages; Type: TABLE; Schema: public; Owner: app
--

CREATE TABLE public.support_messages (
    msg_date date NOT NULL,
    user_id uuid NOT NULL,
    message text NOT NULL,
    answer text,
    done boolean
);


ALTER TABLE public.support_messages OWNER TO app;

--
-- Name: system_objects; Type: TABLE; Schema: public; Owner: app
--

CREATE TABLE public.system_objects (
    object_name text NOT NULL
);


ALTER TABLE public.system_objects OWNER TO app;

--
-- Name: user; Type: TABLE; Schema: public; Owner: app
--

CREATE TABLE public."user" (
    id uuid NOT NULL,
    login text NOT NULL,
    name text NOT NULL,
    password text NOT NULL,
    created_at date NOT NULL,
    is_superuser boolean,
    role_id uuid
);


ALTER TABLE public."user" OWNER TO app;

--
-- Data for Name: asset; Type: TABLE DATA; Schema: public; Owner: app
--

COPY public.asset ("ISIN", ticker, name, sector) FROM stdin;
US0378331005	AAPL      	Apple	IT
\.


--
-- Data for Name: auth_group; Type: TABLE DATA; Schema: public; Owner: app
--

COPY public.auth_group (id, name) FROM stdin;
\.


--
-- Data for Name: auth_group_permissions; Type: TABLE DATA; Schema: public; Owner: app
--

COPY public.auth_group_permissions (id, group_id, permission_id) FROM stdin;
\.


--
-- Data for Name: auth_permission; Type: TABLE DATA; Schema: public; Owner: app
--

COPY public.auth_permission (id, name, content_type_id, codename) FROM stdin;
1	Can add log entry	1	add_logentry
2	Can change log entry	1	change_logentry
3	Can delete log entry	1	delete_logentry
4	Can view log entry	1	view_logentry
5	Can add permission	2	add_permission
6	Can change permission	2	change_permission
7	Can delete permission	2	delete_permission
8	Can view permission	2	view_permission
9	Can add group	3	add_group
10	Can change group	3	change_group
11	Can delete group	3	delete_group
12	Can view group	3	view_group
13	Can add user	4	add_user
14	Can change user	4	change_user
15	Can delete user	4	delete_user
16	Can view user	4	view_user
17	Can add content type	5	add_contenttype
18	Can change content type	5	change_contenttype
19	Can delete content type	5	delete_contenttype
20	Can view content type	5	view_contenttype
21	Can add session	6	add_session
22	Can change session	6	change_session
23	Can delete session	6	delete_session
24	Can view session	6	view_session
\.


--
-- Data for Name: auth_user; Type: TABLE DATA; Schema: public; Owner: app
--

COPY public.auth_user (id, password, last_login, is_superuser, username, first_name, last_name, email, is_staff, is_active, date_joined) FROM stdin;
1	pbkdf2_sha256$600000$nLS38593XiURvs8FkrBVn8$X++cQOOzYPRhMYijBtKiY6UmrI8Z2oCJ0oEH5bckG28=	2023-12-29 21:03:14.132388+00	t	admin			sofya140202@mail.ru	t	t	2023-12-29 21:02:50.146277+00
\.


--
-- Data for Name: auth_user_groups; Type: TABLE DATA; Schema: public; Owner: app
--

COPY public.auth_user_groups (id, user_id, group_id) FROM stdin;
\.


--
-- Data for Name: auth_user_user_permissions; Type: TABLE DATA; Schema: public; Owner: app
--

COPY public.auth_user_user_permissions (id, user_id, permission_id) FROM stdin;
\.


--
-- Data for Name: currency; Type: TABLE DATA; Schema: public; Owner: app
--

COPY public.currency (currency, description) FROM stdin;
RUB	Российский рубль
USD	Доллар США
\.


--
-- Data for Name: customer; Type: TABLE DATA; Schema: public; Owner: app
--

COPY public.customer (id, name, branch) FROM stdin;
6661fa58-0499-448b-bab1-c09762ccda13	Иванов Иван Иванович	Москва
bc98e758-0aaa-4a78-a681-b823356dfe09	Кириллова Анна Петровна	Санкт-Петербург
f956759e-3060-42de-b806-542945174b43	Сергеев Михаил Иванович	Москва
\.


--
-- Data for Name: django_admin_log; Type: TABLE DATA; Schema: public; Owner: app
--

COPY public.django_admin_log (id, action_time, object_id, object_repr, action_flag, change_message, content_type_id, user_id) FROM stdin;
1	2023-12-29 21:28:18.323367+00	US0378331005	Asset object (US0378331005)	1	[{"added": {}}]	7	1
2	2023-12-29 22:12:58.541103+00	r	Permissions object (r)	1	[{"added": {}}]	8	1
3	2023-12-29 22:13:21.72727+00	3864be7b-1432-4111-9056-5f7fc3ba8fb9	Управляющий	1	[{"added": {}}]	9	1
4	2023-12-30 09:01:42.550154+00	b7eb8dea-bf52-49df-aeba-ab716fad29bb	Риск-менеджер	1	[{"added": {}}]	9	1
5	2023-12-30 09:02:00.306958+00	rw	rw	1	[{"added": {}}]	8	1
6	2023-12-30 09:02:05.244164+00	rwd	rwd	1	[{"added": {}}]	8	1
7	2023-12-30 09:03:03.815835+00	Портфель	SystemObjects object (Портфель)	1	[{"added": {}}, {"added": {"name": "\\u041f\\u0440\\u0430\\u0432\\u043e \\u0440\\u043e\\u043b\\u0438 \\u043d\\u0430\\u0434 \\u043e\\u0431\\u044a\\u0435\\u043a\\u0442\\u043e\\u043c", "object": "ObjectsPermissions object (None)"}}, {"added": {"name": "\\u041f\\u0440\\u0430\\u0432\\u043e \\u0440\\u043e\\u043b\\u0438 \\u043d\\u0430\\u0434 \\u043e\\u0431\\u044a\\u0435\\u043a\\u0442\\u043e\\u043c", "object": "ObjectsPermissions object (None)"}}]	10	1
8	2024-01-01 10:01:33.088651+00	RUB	RUB	1	[{"added": {}}]	12	1
9	2024-01-01 10:02:01.655055+00	USD	USD	1	[{"added": {}}]	12	1
10	2024-01-01 10:02:18.981708+00	6661fa58-0499-448b-bab1-c09762ccda13	Иванов Иван Иванович	1	[{"added": {}}]	13	1
11	2024-01-01 10:02:34.210507+00	bc98e758-0aaa-4a78-a681-b823356dfe09	Кириллова Анна Петровна	1	[{"added": {}}]	13	1
12	2024-01-01 10:02:47.243622+00	f956759e-3060-42de-b806-542945174b43	Сергеев Михаил Иванович	1	[{"added": {}}]	13	1
13	2024-01-01 10:04:29.628295+00	Регламентная	Регламентная	1	[{"added": {}}]	14	1
14	2024-01-01 10:04:36.888807+00	Индивидуальная	Индивидуальная	1	[{"added": {}}]	14	1
15	2024-01-01 10:05:01.490335+00	8086f599-8822-4302-9b3e-cb14018af3de	Сотрудник бэк-офиса	1	[{"added": {}}]	9	1
16	2024-01-01 10:05:13.755773+00	4773b77e-2637-496d-a86b-6e91279b0128	Аналитик	1	[{"added": {}}]	9	1
17	2024-01-01 10:05:44.178178+00	d02f84a9-bc73-4f7f-9107-26484e449943	Руководство	1	[{"added": {}}]	9	1
18	2024-01-01 10:06:00.018304+00	f105d04d-3358-4bee-91cb-015467a9a870	Аналитик	1	[{"added": {}}]	9	1
19	2024-01-01 10:06:40.476415+00	f105d04d-3358-4bee-91cb-015467a9a870	Аналитик	3		9	1
20	2024-01-01 10:10:56.211886+00	Умеренный	Умеренный	1	[{"added": {}}]	15	1
21	2024-01-01 10:11:09.034699+00	Консервативный	Консервативный	1	[{"added": {}}]	15	1
22	2024-01-01 10:11:32.021572+00	Value at Risk	Value at Risk	1	[{"added": {}}]	16	1
23	2024-01-01 10:12:11.72759+00	e	e	1	[{"added": {}}]	8	1
24	2024-01-01 10:12:30.179338+00	rwa	rwa	2	[{"changed": {"fields": ["\\u041f\\u0440\\u0430\\u0432\\u043e"]}}]	8	1
25	2024-01-01 10:12:37.428586+00	rwd	rwd	3		8	1
26	2024-01-01 10:12:49.27718+00	rwad	rwad	1	[{"added": {}}]	8	1
27	2024-01-01 10:21:00.994158+00	Портфель	Портфель	1	[{"added": {}}]	10	1
28	2024-01-01 10:21:06.621586+00	Стратегия	Стратегия	1	[{"added": {}}]	10	1
29	2024-01-01 10:21:26.169662+00	Клиент	Клиент	1	[{"added": {}}]	10	1
30	2024-01-01 10:21:42.988777+00	Активы	Активы	1	[{"added": {}}]	10	1
31	2024-01-01 10:21:49.605735+00	Риск-профили	Риск-профили	1	[{"added": {}}]	10	1
32	2024-01-01 10:22:58.907909+00	Портфель	ObjectsPermissions object (Портфель)	1	[{"added": {}}]	17	1
33	2024-01-01 10:26:50.301211+00	Портфель	Портфель	2	[{"added": {"name": "\\u041f\\u0440\\u0430\\u0432\\u043e \\u0440\\u043e\\u043b\\u0438 \\u043d\\u0430\\u0434 \\u043e\\u0431\\u044a\\u0435\\u043a\\u0442\\u043e\\u043c", "object": "ObjectsPermissions object (b7eb8dea-bf52-49df-aeba-ab716fad29bb)"}}, {"added": {"name": "\\u041f\\u0440\\u0430\\u0432\\u043e \\u0440\\u043e\\u043b\\u0438 \\u043d\\u0430\\u0434 \\u043e\\u0431\\u044a\\u0435\\u043a\\u0442\\u043e\\u043c", "object": "ObjectsPermissions object (8086f599-8822-4302-9b3e-cb14018af3de)"}}]	10	1
34	2024-01-01 10:32:08.99723+00	Стратегия	Стратегия	2	[{"added": {"name": "\\u041f\\u0440\\u0430\\u0432\\u043e \\u0440\\u043e\\u043b\\u0438 \\u043d\\u0430\\u0434 \\u043e\\u0431\\u044a\\u0435\\u043a\\u0442\\u043e\\u043c", "object": "ObjectsPermissions object (6666ea25-0718-4c50-beb2-23bb6856ca25)"}}, {"added": {"name": "\\u041f\\u0440\\u0430\\u0432\\u043e \\u0440\\u043e\\u043b\\u0438 \\u043d\\u0430\\u0434 \\u043e\\u0431\\u044a\\u0435\\u043a\\u0442\\u043e\\u043c", "object": "ObjectsPermissions object (937efdb2-a4fb-4092-a8ba-348caa07cfba)"}}, {"added": {"name": "\\u041f\\u0440\\u0430\\u0432\\u043e \\u0440\\u043e\\u043b\\u0438 \\u043d\\u0430\\u0434 \\u043e\\u0431\\u044a\\u0435\\u043a\\u0442\\u043e\\u043c", "object": "ObjectsPermissions object (04d5a7e9-63cf-49b5-9ee3-adbfa6d780e5)"}}, {"added": {"name": "\\u041f\\u0440\\u0430\\u0432\\u043e \\u0440\\u043e\\u043b\\u0438 \\u043d\\u0430\\u0434 \\u043e\\u0431\\u044a\\u0435\\u043a\\u0442\\u043e\\u043c", "object": "ObjectsPermissions object (cdbea527-2c40-4cdf-bf49-2ed5e61672ea)"}}, {"added": {"name": "\\u041f\\u0440\\u0430\\u0432\\u043e \\u0440\\u043e\\u043b\\u0438 \\u043d\\u0430\\u0434 \\u043e\\u0431\\u044a\\u0435\\u043a\\u0442\\u043e\\u043c", "object": "ObjectsPermissions object (a5fe6d6c-a972-495b-bb92-7bbbd6adb2bf)"}}]	10	1
35	2024-01-01 10:33:06.891822+00	Стратегия	Стратегия	3		10	1
36	2024-01-01 10:41:31.214675+00	Стратегия	Стратегия	1	[{"added": {}}]	10	1
37	2024-01-01 10:44:41.855414+00	Стратегия	Стратегия	3		10	1
38	2024-01-01 10:51:21.980835+00	Стратегия	Стратегия	1	[{"added": {}}, {"added": {"name": "\\u041f\\u0440\\u0430\\u0432\\u043e \\u0440\\u043e\\u043b\\u0438 \\u043d\\u0430\\u0434 \\u043e\\u0431\\u044a\\u0435\\u043a\\u0442\\u043e\\u043c", "object": "ObjectsPermissions object (bc504f9e-a86c-4792-9bcf-7054604e9e81)"}}, {"added": {"name": "\\u041f\\u0440\\u0430\\u0432\\u043e \\u0440\\u043e\\u043b\\u0438 \\u043d\\u0430\\u0434 \\u043e\\u0431\\u044a\\u0435\\u043a\\u0442\\u043e\\u043c", "object": "ObjectsPermissions object (fba538c5-8787-4b1e-b194-326305bfa85e)"}}]	10	1
39	2024-01-01 10:52:57.155056+00	Стратегия	Стратегия	2	[{"added": {"name": "\\u041f\\u0440\\u0430\\u0432\\u043e \\u0440\\u043e\\u043b\\u0438 \\u043d\\u0430\\u0434 \\u043e\\u0431\\u044a\\u0435\\u043a\\u0442\\u043e\\u043c", "object": "ObjectsPermissions object (1b1546b7-3393-46b8-84e7-7cba4f9d175b)"}}, {"added": {"name": "\\u041f\\u0440\\u0430\\u0432\\u043e \\u0440\\u043e\\u043b\\u0438 \\u043d\\u0430\\u0434 \\u043e\\u0431\\u044a\\u0435\\u043a\\u0442\\u043e\\u043c", "object": "ObjectsPermissions object (ebcc1adb-0423-4922-909a-f02a3abb4881)"}}, {"added": {"name": "\\u041f\\u0440\\u0430\\u0432\\u043e \\u0440\\u043e\\u043b\\u0438 \\u043d\\u0430\\u0434 \\u043e\\u0431\\u044a\\u0435\\u043a\\u0442\\u043e\\u043c", "object": "ObjectsPermissions object (1e1c1176-37d6-4d96-b432-cb7bea32bd99)"}}, {"added": {"name": "\\u041f\\u0440\\u0430\\u0432\\u043e \\u0440\\u043e\\u043b\\u0438 \\u043d\\u0430\\u0434 \\u043e\\u0431\\u044a\\u0435\\u043a\\u0442\\u043e\\u043c", "object": "ObjectsPermissions object (64261bd2-df93-4dc2-9461-8ddf6680d326)"}}, {"added": {"name": "\\u041f\\u0440\\u0430\\u0432\\u043e \\u0440\\u043e\\u043b\\u0438 \\u043d\\u0430\\u0434 \\u043e\\u0431\\u044a\\u0435\\u043a\\u0442\\u043e\\u043c", "object": "ObjectsPermissions object (4f776ed5-a9e2-4455-a7df-5aceba977172)"}}, {"added": {"name": "\\u041f\\u0440\\u0430\\u0432\\u043e \\u0440\\u043e\\u043b\\u0438 \\u043d\\u0430\\u0434 \\u043e\\u0431\\u044a\\u0435\\u043a\\u0442\\u043e\\u043c", "object": "ObjectsPermissions object (52985eb6-99b3-41e1-9c0f-b41db98472a7)"}}, {"added": {"name": "\\u041f\\u0440\\u0430\\u0432\\u043e \\u0440\\u043e\\u043b\\u0438 \\u043d\\u0430\\u0434 \\u043e\\u0431\\u044a\\u0435\\u043a\\u0442\\u043e\\u043c", "object": "ObjectsPermissions object (28dfaa6d-742d-4cda-8805-66c86e9303fd)"}}]	10	1
40	2024-01-01 10:54:26.230879+00	NULL	NULL	1	[{"added": {}}]	14	1
41	2024-01-01 10:55:16.882626+00	Риск-профили	Риск-профили	2	[{"added": {"name": "\\u041f\\u0440\\u0430\\u0432\\u043e \\u0440\\u043e\\u043b\\u0438 \\u043d\\u0430\\u0434 \\u043e\\u0431\\u044a\\u0435\\u043a\\u0442\\u043e\\u043c", "object": "ObjectsPermissions object (93bfc566-27a0-4434-8b11-331f670ed973)"}}, {"added": {"name": "\\u041f\\u0440\\u0430\\u0432\\u043e \\u0440\\u043e\\u043b\\u0438 \\u043d\\u0430\\u0434 \\u043e\\u0431\\u044a\\u0435\\u043a\\u0442\\u043e\\u043c", "object": "ObjectsPermissions object (1fc011ad-dca5-4033-86f1-b796fc0fbfd3)"}}, {"added": {"name": "\\u041f\\u0440\\u0430\\u0432\\u043e \\u0440\\u043e\\u043b\\u0438 \\u043d\\u0430\\u0434 \\u043e\\u0431\\u044a\\u0435\\u043a\\u0442\\u043e\\u043c", "object": "ObjectsPermissions object (d13b55b8-d752-4bf9-a0c2-dab046f657e7)"}}, {"added": {"name": "\\u041f\\u0440\\u0430\\u0432\\u043e \\u0440\\u043e\\u043b\\u0438 \\u043d\\u0430\\u0434 \\u043e\\u0431\\u044a\\u0435\\u043a\\u0442\\u043e\\u043c", "object": "ObjectsPermissions object (bf7f8e1a-1154-47d4-be74-b74a9ea68674)"}}, {"added": {"name": "\\u041f\\u0440\\u0430\\u0432\\u043e \\u0440\\u043e\\u043b\\u0438 \\u043d\\u0430\\u0434 \\u043e\\u0431\\u044a\\u0435\\u043a\\u0442\\u043e\\u043c", "object": "ObjectsPermissions object (a0291233-25e6-47c6-a30d-1cc4f1598137)"}}]	10	1
42	2024-01-01 10:56:25.881976+00	Портфель	Портфель	2	[{"added": {"name": "\\u041f\\u0440\\u0430\\u0432\\u043e \\u0440\\u043e\\u043b\\u0438 \\u043d\\u0430\\u0434 \\u043e\\u0431\\u044a\\u0435\\u043a\\u0442\\u043e\\u043c", "object": "ObjectsPermissions object (69081040-1025-4098-af92-85c2e25bdac5)"}}, {"added": {"name": "\\u041f\\u0440\\u0430\\u0432\\u043e \\u0440\\u043e\\u043b\\u0438 \\u043d\\u0430\\u0434 \\u043e\\u0431\\u044a\\u0435\\u043a\\u0442\\u043e\\u043c", "object": "ObjectsPermissions object (404097fa-3c21-4c5e-9314-8a2b6f69df75)"}}, {"added": {"name": "\\u041f\\u0440\\u0430\\u0432\\u043e \\u0440\\u043e\\u043b\\u0438 \\u043d\\u0430\\u0434 \\u043e\\u0431\\u044a\\u0435\\u043a\\u0442\\u043e\\u043c", "object": "ObjectsPermissions object (d7f5a52d-af4a-4fda-a1a7-dbbd1f050483)"}}]	10	1
43	2024-01-01 10:57:04.596933+00	Клиент	Клиент	2	[{"added": {"name": "\\u041f\\u0440\\u0430\\u0432\\u043e \\u0440\\u043e\\u043b\\u0438 \\u043d\\u0430\\u0434 \\u043e\\u0431\\u044a\\u0435\\u043a\\u0442\\u043e\\u043c", "object": "ObjectsPermissions object (ac30f212-e5c4-460e-814b-c52b06d6edf9)"}}, {"added": {"name": "\\u041f\\u0440\\u0430\\u0432\\u043e \\u0440\\u043e\\u043b\\u0438 \\u043d\\u0430\\u0434 \\u043e\\u0431\\u044a\\u0435\\u043a\\u0442\\u043e\\u043c", "object": "ObjectsPermissions object (eedd2a9f-ea71-4dbf-95c4-25715d201043)"}}, {"added": {"name": "\\u041f\\u0440\\u0430\\u0432\\u043e \\u0440\\u043e\\u043b\\u0438 \\u043d\\u0430\\u0434 \\u043e\\u0431\\u044a\\u0435\\u043a\\u0442\\u043e\\u043c", "object": "ObjectsPermissions object (d41fd6ca-9d10-473e-a658-1ccfc9385730)"}}]	10	1
44	2024-01-01 10:58:09.032887+00	Активы	Активы	2	[{"added": {"name": "\\u041f\\u0440\\u0430\\u0432\\u043e \\u0440\\u043e\\u043b\\u0438 \\u043d\\u0430\\u0434 \\u043e\\u0431\\u044a\\u0435\\u043a\\u0442\\u043e\\u043c", "object": "ObjectsPermissions object (e7e48479-46bc-4af0-b7f4-7f1d92fa7785)"}}, {"added": {"name": "\\u041f\\u0440\\u0430\\u0432\\u043e \\u0440\\u043e\\u043b\\u0438 \\u043d\\u0430\\u0434 \\u043e\\u0431\\u044a\\u0435\\u043a\\u0442\\u043e\\u043c", "object": "ObjectsPermissions object (d2179487-9fbf-4fe6-8eca-8179fe4499a9)"}}, {"added": {"name": "\\u041f\\u0440\\u0430\\u0432\\u043e \\u0440\\u043e\\u043b\\u0438 \\u043d\\u0430\\u0434 \\u043e\\u0431\\u044a\\u0435\\u043a\\u0442\\u043e\\u043c", "object": "ObjectsPermissions object (3e737bbe-9f8c-4840-9fc1-f734c90dd871)"}}, {"added": {"name": "\\u041f\\u0440\\u0430\\u0432\\u043e \\u0440\\u043e\\u043b\\u0438 \\u043d\\u0430\\u0434 \\u043e\\u0431\\u044a\\u0435\\u043a\\u0442\\u043e\\u043c", "object": "ObjectsPermissions object (2c02c2db-e0d1-419d-9909-463f76f22c35)"}}, {"added": {"name": "\\u041f\\u0440\\u0430\\u0432\\u043e \\u0440\\u043e\\u043b\\u0438 \\u043d\\u0430\\u0434 \\u043e\\u0431\\u044a\\u0435\\u043a\\u0442\\u043e\\u043c", "object": "ObjectsPermissions object (0dc8f372-000c-4386-aa97-c39aad807ad8)"}}]	10	1
45	2024-01-01 11:38:25.424116+00	e8d2af7f-c9b1-481b-bfd3-ee3a5b92d031	Васильев Денис Валерьевич	1	[{"added": {}}]	18	1
46	2024-01-01 11:39:10.900219+00	3077ebee-d7d7-45e0-8779-5dcf5bd620fd	Иванов Алексей Иванович	1	[{"added": {}}]	18	1
47	2024-01-01 11:41:58.937472+00	123456KM	123456KM	1	[{"added": {}}]	11	1
48	2024-01-01 12:04:00.635812+00	89a19911-015c-42ed-a029-d53f2c8d449d	Российские акции	1	[{"added": {}}]	19	1
49	2024-01-01 12:07:51.887425+00	4a294f16-14e2-4e23-ba87-8e880c963e68	Российские акции	1	[{"added": {}}]	19	1
50	2024-01-01 12:10:23.926442+00	f722ac3a-904a-4741-896a-6d7949e06805	Российские акции	1	[{"added": {}}]	19	1
51	2024-01-01 12:34:45.563611+00	4f9aff99-2d26-45d4-aa89-2e5f169ec295	Российские акции	1	[{"added": {}}]	19	1
52	2024-01-01 17:55:04.738286+00	db734b1c-687e-4a2e-83b7-b65ddd7b2804	Российские акции	1	[{"added": {}}]	19	1
53	2024-01-01 17:58:10.141972+00	2024-01-01	2024-01-01 False	1	[{"added": {}}]	20	1
54	2024-01-01 17:58:22.245376+00	2024-01-01	2024-01-01 True	2	[{"changed": {"fields": ["\\u0422\\u0435\\u043a\\u0441\\u0442 \\u043e\\u0442\\u0432\\u0435\\u0442\\u0430", "\\u0412\\u044b\\u043f\\u043e\\u043b\\u043d\\u0435\\u043d\\u043e"]}}]	20	1
55	2024-01-01 18:01:38.521131+00	Рациональный	Рациональный	1	[{"added": {}}]	15	1
\.


--
-- Data for Name: django_content_type; Type: TABLE DATA; Schema: public; Owner: app
--

COPY public.django_content_type (id, app_label, model) FROM stdin;
1	admin	logentry
2	auth	permission
3	auth	group
4	auth	user
5	contenttypes	contenttype
6	sessions	session
7	bcs	asset
8	bcs	permissions
9	bcs	roles
10	bcs	systemobjects
11	bcs	portfolio
12	bcs	currency
13	bcs	customer
14	bcs	strategytype
15	bcs	riskprofile
16	bcs	riskmetrics
17	bcs	objectspermissions
18	bcs	user
19	bcs	strategy
20	bcs	supportmessages
\.


--
-- Data for Name: django_migrations; Type: TABLE DATA; Schema: public; Owner: app
--

COPY public.django_migrations (id, app, name, applied) FROM stdin;
1	contenttypes	0001_initial	2023-12-29 21:01:31.618391+00
2	auth	0001_initial	2023-12-29 21:01:31.985614+00
3	admin	0001_initial	2023-12-29 21:01:32.043126+00
4	admin	0002_logentry_remove_auto_add	2023-12-29 21:01:32.058149+00
5	admin	0003_logentry_add_action_flag_choices	2023-12-29 21:01:32.083244+00
6	contenttypes	0002_remove_content_type_name	2023-12-29 21:01:32.133677+00
7	auth	0002_alter_permission_name_max_length	2023-12-29 21:01:32.160434+00
8	auth	0003_alter_user_email_max_length	2023-12-29 21:01:32.182959+00
9	auth	0004_alter_user_username_opts	2023-12-29 21:01:32.207741+00
10	auth	0005_alter_user_last_login_null	2023-12-29 21:01:32.243297+00
11	auth	0006_require_contenttypes_0002	2023-12-29 21:01:32.271451+00
12	auth	0007_alter_validators_add_error_messages	2023-12-29 21:01:32.323378+00
13	auth	0008_alter_user_username_max_length	2023-12-29 21:01:32.365297+00
14	auth	0009_alter_user_last_name_max_length	2023-12-29 21:01:32.412022+00
15	auth	0010_alter_group_name_max_length	2023-12-29 21:01:32.450894+00
16	auth	0011_update_proxy_permissions	2023-12-29 21:01:32.465983+00
17	auth	0012_alter_user_first_name_max_length	2023-12-29 21:01:32.501319+00
18	sessions	0001_initial	2023-12-29 21:01:32.565006+00
\.


--
-- Data for Name: django_session; Type: TABLE DATA; Schema: public; Owner: app
--

COPY public.django_session (session_key, session_data, expire_date) FROM stdin;
5743bb40kemsrhhub85zkkr284f6p3vm	.eJxVjDEOAiEQRe9CbQgDCoOlvWcgwwCyaiBZdivj3XWTLbT9773_EoHWpYZ15DlMSZwFiMPvFokfuW0g3anduuTelnmKclPkToe89pSfl939O6g06rc2wN44xdGfLEBB65wuiJqJyThjiYounj1xNOCiOtqcFSIAJJcSonh_ANKYN6s:1rJK0g:m8goWCZnD23Ag11G7TjAs8JGtyKaGnwJS7MfoYCtfYI	2024-01-12 21:03:14.140502+00
\.


--
-- Data for Name: objects_permissions; Type: TABLE DATA; Schema: public; Owner: app
--

COPY public.objects_permissions (object, role_id, permission, strategy_type, id) FROM stdin;
Стратегия	3864be7b-1432-4111-9056-5f7fc3ba8fb9	r	Регламентная	bc504f9e-a86c-4792-9bcf-7054604e9e81
Стратегия	3864be7b-1432-4111-9056-5f7fc3ba8fb9	r	Индивидуальная	fba538c5-8787-4b1e-b194-326305bfa85e
Стратегия	b7eb8dea-bf52-49df-aeba-ab716fad29bb	r	Регламентная	1b1546b7-3393-46b8-84e7-7cba4f9d175b
Стратегия	b7eb8dea-bf52-49df-aeba-ab716fad29bb	r	Индивидуальная	ebcc1adb-0423-4922-909a-f02a3abb4881
Стратегия	4773b77e-2637-496d-a86b-6e91279b0128	r	Регламентная	1e1c1176-37d6-4d96-b432-cb7bea32bd99
Стратегия	d02f84a9-bc73-4f7f-9107-26484e449943	r	Регламентная	64261bd2-df93-4dc2-9461-8ddf6680d326
Стратегия	d02f84a9-bc73-4f7f-9107-26484e449943	r	Индивидуальная	4f776ed5-a9e2-4455-a7df-5aceba977172
Стратегия	8086f599-8822-4302-9b3e-cb14018af3de	rwad	Регламентная	52985eb6-99b3-41e1-9c0f-b41db98472a7
Стратегия	8086f599-8822-4302-9b3e-cb14018af3de	rwad	Индивидуальная	28dfaa6d-742d-4cda-8805-66c86e9303fd
Риск-профили	3864be7b-1432-4111-9056-5f7fc3ba8fb9	r	NULL	93bfc566-27a0-4434-8b11-331f670ed973
Риск-профили	b7eb8dea-bf52-49df-aeba-ab716fad29bb	r	NULL	1fc011ad-dca5-4033-86f1-b796fc0fbfd3
Риск-профили	8086f599-8822-4302-9b3e-cb14018af3de	rwa	NULL	d13b55b8-d752-4bf9-a0c2-dab046f657e7
Риск-профили	4773b77e-2637-496d-a86b-6e91279b0128	r	NULL	bf7f8e1a-1154-47d4-be74-b74a9ea68674
Риск-профили	d02f84a9-bc73-4f7f-9107-26484e449943	r	NULL	a0291233-25e6-47c6-a30d-1cc4f1598137
Портфель	3864be7b-1432-4111-9056-5f7fc3ba8fb9	rw	NULL	69081040-1025-4098-af92-85c2e25bdac5
Портфель	b7eb8dea-bf52-49df-aeba-ab716fad29bb	r	NULL	404097fa-3c21-4c5e-9314-8a2b6f69df75
Портфель	8086f599-8822-4302-9b3e-cb14018af3de	rwad	NULL	d7f5a52d-af4a-4fda-a1a7-dbbd1f050483
Клиент	3864be7b-1432-4111-9056-5f7fc3ba8fb9	r	NULL	ac30f212-e5c4-460e-814b-c52b06d6edf9
Клиент	d02f84a9-bc73-4f7f-9107-26484e449943	r	NULL	eedd2a9f-ea71-4dbf-95c4-25715d201043
Клиент	8086f599-8822-4302-9b3e-cb14018af3de	rwad	NULL	d41fd6ca-9d10-473e-a658-1ccfc9385730
Активы	3864be7b-1432-4111-9056-5f7fc3ba8fb9	r	NULL	e7e48479-46bc-4af0-b7f4-7f1d92fa7785
Активы	b7eb8dea-bf52-49df-aeba-ab716fad29bb	r	NULL	d2179487-9fbf-4fe6-8eca-8179fe4499a9
Активы	4773b77e-2637-496d-a86b-6e91279b0128	r	NULL	3e737bbe-9f8c-4840-9fc1-f734c90dd871
Активы	d02f84a9-bc73-4f7f-9107-26484e449943	r	NULL	2c02c2db-e0d1-419d-9909-463f76f22c35
Активы	8086f599-8822-4302-9b3e-cb14018af3de	rwa	NULL	0dc8f372-000c-4386-aa97-c39aad807ad8
\.


--
-- Data for Name: permissions; Type: TABLE DATA; Schema: public; Owner: app
--

COPY public.permissions (permission) FROM stdin;
r
rw
e
rwa
rwad
\.


--
-- Data for Name: portfolio; Type: TABLE DATA; Schema: public; Owner: app
--

COPY public.portfolio (account, customer_id, strategy_id, structure, asset_manager, creation_date, updated) FROM stdin;
123456KM	6661fa58-0499-448b-bab1-c09762ccda13	\N	\N	e8d2af7f-c9b1-481b-bfd3-ee3a5b92d031	2024-01-01	f
\.


--
-- Data for Name: portfolio_risks; Type: TABLE DATA; Schema: public; Owner: app
--

COPY public.portfolio_risks (risk_metric, account, value, updated, violation) FROM stdin;
\.


--
-- Data for Name: portfolio_strategy_history; Type: TABLE DATA; Schema: public; Owner: app
--

COPY public.portfolio_strategy_history (account, changed_date, strategy_id) FROM stdin;
\.


--
-- Data for Name: portfolio_values; Type: TABLE DATA; Schema: public; Owner: app
--

COPY public.portfolio_values (account, date, value) FROM stdin;
\.


--
-- Data for Name: risk_metrics; Type: TABLE DATA; Schema: public; Owner: app
--

COPY public.risk_metrics (name) FROM stdin;
Value at Risk
\.


--
-- Data for Name: risk_profile; Type: TABLE DATA; Schema: public; Owner: app
--

COPY public.risk_profile (name, max_var) FROM stdin;
Умеренный	0.1
Консервативный	0.15
Рациональный	0.3
\.


--
-- Data for Name: roles; Type: TABLE DATA; Schema: public; Owner: app
--

COPY public.roles (id, name) FROM stdin;
3864be7b-1432-4111-9056-5f7fc3ba8fb9	Управляющий
b7eb8dea-bf52-49df-aeba-ab716fad29bb	Риск-менеджер
8086f599-8822-4302-9b3e-cb14018af3de	Сотрудник бэк-офиса
4773b77e-2637-496d-a86b-6e91279b0128	Аналитик
d02f84a9-bc73-4f7f-9107-26484e449943	Руководство
\.


--
-- Data for Name: strategy; Type: TABLE DATA; Schema: public; Owner: app
--

COPY public.strategy (id, name, currency, description, type, risk_profile, structure, valid, management_fee, success_fee, benchmark) FROM stdin;
db734b1c-687e-4a2e-83b7-b65ddd7b2804	Российские акции	RUB		Регламентная	Умеренный	{"SPY": 0.25, "DIA": 0.1, "QQQ": 0.17, "TLT": 0.23, "XLP": 0.25 }	t	0.4	3	\N
\.


--
-- Data for Name: strategy_type; Type: TABLE DATA; Schema: public; Owner: app
--

COPY public.strategy_type (type) FROM stdin;
Регламентная
Индивидуальная
NULL
\.


--
-- Data for Name: support_messages; Type: TABLE DATA; Schema: public; Owner: app
--

COPY public.support_messages (msg_date, user_id, message, answer, done) FROM stdin;
2024-01-01	e8d2af7f-c9b1-481b-bfd3-ee3a5b92d031	Text support	Answer	t
\.


--
-- Data for Name: system_objects; Type: TABLE DATA; Schema: public; Owner: app
--

COPY public.system_objects (object_name) FROM stdin;
Портфель
Клиент
Активы
Риск-профили
Стратегия
\.


--
-- Data for Name: user; Type: TABLE DATA; Schema: public; Owner: app
--

COPY public."user" (id, login, name, password, created_at, is_superuser, role_id) FROM stdin;
e8d2af7f-c9b1-481b-bfd3-ee3a5b92d031	user1@bcs.ru	Васильев Денис Валерьевич	password	2024-01-01	f	3864be7b-1432-4111-9056-5f7fc3ba8fb9
3077ebee-d7d7-45e0-8779-5dcf5bd620fd	user2@bcs.ru	Иванов Алексей Иванович	123qwe	2024-01-01	f	b7eb8dea-bf52-49df-aeba-ab716fad29bb
\.


--
-- Name: auth_group_id_seq; Type: SEQUENCE SET; Schema: public; Owner: app
--

SELECT pg_catalog.setval('public.auth_group_id_seq', 1, false);


--
-- Name: auth_group_permissions_id_seq; Type: SEQUENCE SET; Schema: public; Owner: app
--

SELECT pg_catalog.setval('public.auth_group_permissions_id_seq', 1, false);


--
-- Name: auth_permission_id_seq; Type: SEQUENCE SET; Schema: public; Owner: app
--

SELECT pg_catalog.setval('public.auth_permission_id_seq', 24, true);


--
-- Name: auth_user_groups_id_seq; Type: SEQUENCE SET; Schema: public; Owner: app
--

SELECT pg_catalog.setval('public.auth_user_groups_id_seq', 1, false);


--
-- Name: auth_user_id_seq; Type: SEQUENCE SET; Schema: public; Owner: app
--

SELECT pg_catalog.setval('public.auth_user_id_seq', 1, true);


--
-- Name: auth_user_user_permissions_id_seq; Type: SEQUENCE SET; Schema: public; Owner: app
--

SELECT pg_catalog.setval('public.auth_user_user_permissions_id_seq', 1, false);


--
-- Name: django_admin_log_id_seq; Type: SEQUENCE SET; Schema: public; Owner: app
--

SELECT pg_catalog.setval('public.django_admin_log_id_seq', 55, true);


--
-- Name: django_content_type_id_seq; Type: SEQUENCE SET; Schema: public; Owner: app
--

SELECT pg_catalog.setval('public.django_content_type_id_seq', 20, true);


--
-- Name: django_migrations_id_seq; Type: SEQUENCE SET; Schema: public; Owner: app
--

SELECT pg_catalog.setval('public.django_migrations_id_seq', 18, true);


--
-- Name: asset asset_pkey; Type: CONSTRAINT; Schema: public; Owner: app
--

ALTER TABLE ONLY public.asset
    ADD CONSTRAINT asset_pkey PRIMARY KEY ("ISIN");


--
-- Name: auth_group auth_group_name_key; Type: CONSTRAINT; Schema: public; Owner: app
--

ALTER TABLE ONLY public.auth_group
    ADD CONSTRAINT auth_group_name_key UNIQUE (name);


--
-- Name: auth_group_permissions auth_group_permissions_group_id_permission_id_0cd325b0_uniq; Type: CONSTRAINT; Schema: public; Owner: app
--

ALTER TABLE ONLY public.auth_group_permissions
    ADD CONSTRAINT auth_group_permissions_group_id_permission_id_0cd325b0_uniq UNIQUE (group_id, permission_id);


--
-- Name: auth_group_permissions auth_group_permissions_pkey; Type: CONSTRAINT; Schema: public; Owner: app
--

ALTER TABLE ONLY public.auth_group_permissions
    ADD CONSTRAINT auth_group_permissions_pkey PRIMARY KEY (id);


--
-- Name: auth_group auth_group_pkey; Type: CONSTRAINT; Schema: public; Owner: app
--

ALTER TABLE ONLY public.auth_group
    ADD CONSTRAINT auth_group_pkey PRIMARY KEY (id);


--
-- Name: auth_permission auth_permission_content_type_id_codename_01ab375a_uniq; Type: CONSTRAINT; Schema: public; Owner: app
--

ALTER TABLE ONLY public.auth_permission
    ADD CONSTRAINT auth_permission_content_type_id_codename_01ab375a_uniq UNIQUE (content_type_id, codename);


--
-- Name: auth_permission auth_permission_pkey; Type: CONSTRAINT; Schema: public; Owner: app
--

ALTER TABLE ONLY public.auth_permission
    ADD CONSTRAINT auth_permission_pkey PRIMARY KEY (id);


--
-- Name: auth_user_groups auth_user_groups_pkey; Type: CONSTRAINT; Schema: public; Owner: app
--

ALTER TABLE ONLY public.auth_user_groups
    ADD CONSTRAINT auth_user_groups_pkey PRIMARY KEY (id);


--
-- Name: auth_user_groups auth_user_groups_user_id_group_id_94350c0c_uniq; Type: CONSTRAINT; Schema: public; Owner: app
--

ALTER TABLE ONLY public.auth_user_groups
    ADD CONSTRAINT auth_user_groups_user_id_group_id_94350c0c_uniq UNIQUE (user_id, group_id);


--
-- Name: auth_user auth_user_pkey; Type: CONSTRAINT; Schema: public; Owner: app
--

ALTER TABLE ONLY public.auth_user
    ADD CONSTRAINT auth_user_pkey PRIMARY KEY (id);


--
-- Name: auth_user_user_permissions auth_user_user_permissions_pkey; Type: CONSTRAINT; Schema: public; Owner: app
--

ALTER TABLE ONLY public.auth_user_user_permissions
    ADD CONSTRAINT auth_user_user_permissions_pkey PRIMARY KEY (id);


--
-- Name: auth_user_user_permissions auth_user_user_permissions_user_id_permission_id_14a6b632_uniq; Type: CONSTRAINT; Schema: public; Owner: app
--

ALTER TABLE ONLY public.auth_user_user_permissions
    ADD CONSTRAINT auth_user_user_permissions_user_id_permission_id_14a6b632_uniq UNIQUE (user_id, permission_id);


--
-- Name: auth_user auth_user_username_key; Type: CONSTRAINT; Schema: public; Owner: app
--

ALTER TABLE ONLY public.auth_user
    ADD CONSTRAINT auth_user_username_key UNIQUE (username);


--
-- Name: currency currency_pkey; Type: CONSTRAINT; Schema: public; Owner: app
--

ALTER TABLE ONLY public.currency
    ADD CONSTRAINT currency_pkey PRIMARY KEY (currency);


--
-- Name: customer customer_pkey; Type: CONSTRAINT; Schema: public; Owner: app
--

ALTER TABLE ONLY public.customer
    ADD CONSTRAINT customer_pkey PRIMARY KEY (id);


--
-- Name: django_admin_log django_admin_log_pkey; Type: CONSTRAINT; Schema: public; Owner: app
--

ALTER TABLE ONLY public.django_admin_log
    ADD CONSTRAINT django_admin_log_pkey PRIMARY KEY (id);


--
-- Name: django_content_type django_content_type_app_label_model_76bd3d3b_uniq; Type: CONSTRAINT; Schema: public; Owner: app
--

ALTER TABLE ONLY public.django_content_type
    ADD CONSTRAINT django_content_type_app_label_model_76bd3d3b_uniq UNIQUE (app_label, model);


--
-- Name: django_content_type django_content_type_pkey; Type: CONSTRAINT; Schema: public; Owner: app
--

ALTER TABLE ONLY public.django_content_type
    ADD CONSTRAINT django_content_type_pkey PRIMARY KEY (id);


--
-- Name: django_migrations django_migrations_pkey; Type: CONSTRAINT; Schema: public; Owner: app
--

ALTER TABLE ONLY public.django_migrations
    ADD CONSTRAINT django_migrations_pkey PRIMARY KEY (id);


--
-- Name: django_session django_session_pkey; Type: CONSTRAINT; Schema: public; Owner: app
--

ALTER TABLE ONLY public.django_session
    ADD CONSTRAINT django_session_pkey PRIMARY KEY (session_key);


--
-- Name: objects_permissions objects_permissions_pkey; Type: CONSTRAINT; Schema: public; Owner: app
--

ALTER TABLE ONLY public.objects_permissions
    ADD CONSTRAINT objects_permissions_pkey PRIMARY KEY (object, role_id, strategy_type);


--
-- Name: permissions permissions_pkey; Type: CONSTRAINT; Schema: public; Owner: app
--

ALTER TABLE ONLY public.permissions
    ADD CONSTRAINT permissions_pkey PRIMARY KEY (permission);


--
-- Name: portfolio portfolio_pkey; Type: CONSTRAINT; Schema: public; Owner: app
--

ALTER TABLE ONLY public.portfolio
    ADD CONSTRAINT portfolio_pkey PRIMARY KEY (account);


--
-- Name: portfolio_risks portfolio_risks_pkey; Type: CONSTRAINT; Schema: public; Owner: app
--

ALTER TABLE ONLY public.portfolio_risks
    ADD CONSTRAINT portfolio_risks_pkey PRIMARY KEY (risk_metric, account);


--
-- Name: portfolio_strategy_history portfolio_strategy_history_pkey; Type: CONSTRAINT; Schema: public; Owner: app
--

ALTER TABLE ONLY public.portfolio_strategy_history
    ADD CONSTRAINT portfolio_strategy_history_pkey PRIMARY KEY (changed_date, account);


--
-- Name: portfolio_values portfolio_values_pkey; Type: CONSTRAINT; Schema: public; Owner: app
--

ALTER TABLE ONLY public.portfolio_values
    ADD CONSTRAINT portfolio_values_pkey PRIMARY KEY (account, date);


--
-- Name: risk_metrics risk_metrics_pkey; Type: CONSTRAINT; Schema: public; Owner: app
--

ALTER TABLE ONLY public.risk_metrics
    ADD CONSTRAINT risk_metrics_pkey PRIMARY KEY (name);


--
-- Name: risk_profile risk_profile_pkey; Type: CONSTRAINT; Schema: public; Owner: app
--

ALTER TABLE ONLY public.risk_profile
    ADD CONSTRAINT risk_profile_pkey PRIMARY KEY (name);


--
-- Name: roles roles_pkey; Type: CONSTRAINT; Schema: public; Owner: app
--

ALTER TABLE ONLY public.roles
    ADD CONSTRAINT roles_pkey PRIMARY KEY (id);


--
-- Name: strategy strategy_pkey; Type: CONSTRAINT; Schema: public; Owner: app
--

ALTER TABLE ONLY public.strategy
    ADD CONSTRAINT strategy_pkey PRIMARY KEY (id);


--
-- Name: strategy_type strategy_type_pkey; Type: CONSTRAINT; Schema: public; Owner: app
--

ALTER TABLE ONLY public.strategy_type
    ADD CONSTRAINT strategy_type_pkey PRIMARY KEY (type);


--
-- Name: support_messages support_messages_pkey; Type: CONSTRAINT; Schema: public; Owner: app
--

ALTER TABLE ONLY public.support_messages
    ADD CONSTRAINT support_messages_pkey PRIMARY KEY (msg_date, user_id);


--
-- Name: system_objects system_objects_pkey; Type: CONSTRAINT; Schema: public; Owner: app
--

ALTER TABLE ONLY public.system_objects
    ADD CONSTRAINT system_objects_pkey PRIMARY KEY (object_name);


--
-- Name: user user_pkey; Type: CONSTRAINT; Schema: public; Owner: app
--

ALTER TABLE ONLY public."user"
    ADD CONSTRAINT user_pkey PRIMARY KEY (id);


--
-- Name: auth_group_name_a6ea08ec_like; Type: INDEX; Schema: public; Owner: app
--

CREATE INDEX auth_group_name_a6ea08ec_like ON public.auth_group USING btree (name varchar_pattern_ops);


--
-- Name: auth_group_permissions_group_id_b120cbf9; Type: INDEX; Schema: public; Owner: app
--

CREATE INDEX auth_group_permissions_group_id_b120cbf9 ON public.auth_group_permissions USING btree (group_id);


--
-- Name: auth_group_permissions_permission_id_84c5c92e; Type: INDEX; Schema: public; Owner: app
--

CREATE INDEX auth_group_permissions_permission_id_84c5c92e ON public.auth_group_permissions USING btree (permission_id);


--
-- Name: auth_permission_content_type_id_2f476e4b; Type: INDEX; Schema: public; Owner: app
--

CREATE INDEX auth_permission_content_type_id_2f476e4b ON public.auth_permission USING btree (content_type_id);


--
-- Name: auth_user_groups_group_id_97559544; Type: INDEX; Schema: public; Owner: app
--

CREATE INDEX auth_user_groups_group_id_97559544 ON public.auth_user_groups USING btree (group_id);


--
-- Name: auth_user_groups_user_id_6a12ed8b; Type: INDEX; Schema: public; Owner: app
--

CREATE INDEX auth_user_groups_user_id_6a12ed8b ON public.auth_user_groups USING btree (user_id);


--
-- Name: auth_user_user_permissions_permission_id_1fbb5f2c; Type: INDEX; Schema: public; Owner: app
--

CREATE INDEX auth_user_user_permissions_permission_id_1fbb5f2c ON public.auth_user_user_permissions USING btree (permission_id);


--
-- Name: auth_user_user_permissions_user_id_a95ead1b; Type: INDEX; Schema: public; Owner: app
--

CREATE INDEX auth_user_user_permissions_user_id_a95ead1b ON public.auth_user_user_permissions USING btree (user_id);


--
-- Name: auth_user_username_6821ab7c_like; Type: INDEX; Schema: public; Owner: app
--

CREATE INDEX auth_user_username_6821ab7c_like ON public.auth_user USING btree (username varchar_pattern_ops);


--
-- Name: django_admin_log_content_type_id_c4bce8eb; Type: INDEX; Schema: public; Owner: app
--

CREATE INDEX django_admin_log_content_type_id_c4bce8eb ON public.django_admin_log USING btree (content_type_id);


--
-- Name: django_admin_log_user_id_c564eba6; Type: INDEX; Schema: public; Owner: app
--

CREATE INDEX django_admin_log_user_id_c564eba6 ON public.django_admin_log USING btree (user_id);


--
-- Name: django_session_expire_date_a5c62663; Type: INDEX; Schema: public; Owner: app
--

CREATE INDEX django_session_expire_date_a5c62663 ON public.django_session USING btree (expire_date);


--
-- Name: django_session_session_key_c0390e0f_like; Type: INDEX; Schema: public; Owner: app
--

CREATE INDEX django_session_session_key_c0390e0f_like ON public.django_session USING btree (session_key varchar_pattern_ops);


--
-- Name: auth_group_permissions auth_group_permissio_permission_id_84c5c92e_fk_auth_perm; Type: FK CONSTRAINT; Schema: public; Owner: app
--

ALTER TABLE ONLY public.auth_group_permissions
    ADD CONSTRAINT auth_group_permissio_permission_id_84c5c92e_fk_auth_perm FOREIGN KEY (permission_id) REFERENCES public.auth_permission(id) DEFERRABLE INITIALLY DEFERRED;


--
-- Name: auth_group_permissions auth_group_permissions_group_id_b120cbf9_fk_auth_group_id; Type: FK CONSTRAINT; Schema: public; Owner: app
--

ALTER TABLE ONLY public.auth_group_permissions
    ADD CONSTRAINT auth_group_permissions_group_id_b120cbf9_fk_auth_group_id FOREIGN KEY (group_id) REFERENCES public.auth_group(id) DEFERRABLE INITIALLY DEFERRED;


--
-- Name: auth_permission auth_permission_content_type_id_2f476e4b_fk_django_co; Type: FK CONSTRAINT; Schema: public; Owner: app
--

ALTER TABLE ONLY public.auth_permission
    ADD CONSTRAINT auth_permission_content_type_id_2f476e4b_fk_django_co FOREIGN KEY (content_type_id) REFERENCES public.django_content_type(id) DEFERRABLE INITIALLY DEFERRED;


--
-- Name: auth_user_groups auth_user_groups_group_id_97559544_fk_auth_group_id; Type: FK CONSTRAINT; Schema: public; Owner: app
--

ALTER TABLE ONLY public.auth_user_groups
    ADD CONSTRAINT auth_user_groups_group_id_97559544_fk_auth_group_id FOREIGN KEY (group_id) REFERENCES public.auth_group(id) DEFERRABLE INITIALLY DEFERRED;


--
-- Name: auth_user_groups auth_user_groups_user_id_6a12ed8b_fk_auth_user_id; Type: FK CONSTRAINT; Schema: public; Owner: app
--

ALTER TABLE ONLY public.auth_user_groups
    ADD CONSTRAINT auth_user_groups_user_id_6a12ed8b_fk_auth_user_id FOREIGN KEY (user_id) REFERENCES public.auth_user(id) DEFERRABLE INITIALLY DEFERRED;


--
-- Name: auth_user_user_permissions auth_user_user_permi_permission_id_1fbb5f2c_fk_auth_perm; Type: FK CONSTRAINT; Schema: public; Owner: app
--

ALTER TABLE ONLY public.auth_user_user_permissions
    ADD CONSTRAINT auth_user_user_permi_permission_id_1fbb5f2c_fk_auth_perm FOREIGN KEY (permission_id) REFERENCES public.auth_permission(id) DEFERRABLE INITIALLY DEFERRED;


--
-- Name: auth_user_user_permissions auth_user_user_permissions_user_id_a95ead1b_fk_auth_user_id; Type: FK CONSTRAINT; Schema: public; Owner: app
--

ALTER TABLE ONLY public.auth_user_user_permissions
    ADD CONSTRAINT auth_user_user_permissions_user_id_a95ead1b_fk_auth_user_id FOREIGN KEY (user_id) REFERENCES public.auth_user(id) DEFERRABLE INITIALLY DEFERRED;


--
-- Name: django_admin_log django_admin_log_content_type_id_c4bce8eb_fk_django_co; Type: FK CONSTRAINT; Schema: public; Owner: app
--

ALTER TABLE ONLY public.django_admin_log
    ADD CONSTRAINT django_admin_log_content_type_id_c4bce8eb_fk_django_co FOREIGN KEY (content_type_id) REFERENCES public.django_content_type(id) DEFERRABLE INITIALLY DEFERRED;


--
-- Name: django_admin_log django_admin_log_user_id_c564eba6_fk_auth_user_id; Type: FK CONSTRAINT; Schema: public; Owner: app
--

ALTER TABLE ONLY public.django_admin_log
    ADD CONSTRAINT django_admin_log_user_id_c564eba6_fk_auth_user_id FOREIGN KEY (user_id) REFERENCES public.auth_user(id) DEFERRABLE INITIALLY DEFERRED;


--
-- Name: objects_permissions objects_permissions_object_fkey; Type: FK CONSTRAINT; Schema: public; Owner: app
--

ALTER TABLE ONLY public.objects_permissions
    ADD CONSTRAINT objects_permissions_object_fkey FOREIGN KEY (object) REFERENCES public.system_objects(object_name) ON DELETE CASCADE NOT VALID;


--
-- Name: objects_permissions objects_permissions_permission_fkey; Type: FK CONSTRAINT; Schema: public; Owner: app
--

ALTER TABLE ONLY public.objects_permissions
    ADD CONSTRAINT objects_permissions_permission_fkey FOREIGN KEY (permission) REFERENCES public.permissions(permission) ON DELETE CASCADE NOT VALID;


--
-- Name: objects_permissions objects_permissions_role_id_fkey; Type: FK CONSTRAINT; Schema: public; Owner: app
--

ALTER TABLE ONLY public.objects_permissions
    ADD CONSTRAINT objects_permissions_role_id_fkey FOREIGN KEY (role_id) REFERENCES public.roles(id) ON DELETE CASCADE NOT VALID;


--
-- Name: objects_permissions objects_permissions_strategy_type_fkey; Type: FK CONSTRAINT; Schema: public; Owner: app
--

ALTER TABLE ONLY public.objects_permissions
    ADD CONSTRAINT objects_permissions_strategy_type_fkey FOREIGN KEY (strategy_type) REFERENCES public.strategy_type(type) ON DELETE CASCADE NOT VALID;


--
-- Name: portfolio portfolio_asset_manager_fkey; Type: FK CONSTRAINT; Schema: public; Owner: app
--

ALTER TABLE ONLY public.portfolio
    ADD CONSTRAINT portfolio_asset_manager_fkey FOREIGN KEY (asset_manager) REFERENCES public."user"(id) ON DELETE SET NULL NOT VALID;


--
-- Name: portfolio portfolio_customer_id_fkey; Type: FK CONSTRAINT; Schema: public; Owner: app
--

ALTER TABLE ONLY public.portfolio
    ADD CONSTRAINT portfolio_customer_id_fkey FOREIGN KEY (customer_id) REFERENCES public.customer(id) ON DELETE CASCADE NOT VALID;


--
-- Name: portfolio_risks portfolio_risks_account_fkey; Type: FK CONSTRAINT; Schema: public; Owner: app
--

ALTER TABLE ONLY public.portfolio_risks
    ADD CONSTRAINT portfolio_risks_account_fkey FOREIGN KEY (account) REFERENCES public.portfolio(account) ON DELETE CASCADE NOT VALID;


--
-- Name: portfolio_risks portfolio_risks_risk_metric_fkey; Type: FK CONSTRAINT; Schema: public; Owner: app
--

ALTER TABLE ONLY public.portfolio_risks
    ADD CONSTRAINT portfolio_risks_risk_metric_fkey FOREIGN KEY (risk_metric) REFERENCES public.risk_metrics(name) ON DELETE CASCADE NOT VALID;


--
-- Name: portfolio_strategy_history portfolio_strategy_history_account_fkey; Type: FK CONSTRAINT; Schema: public; Owner: app
--

ALTER TABLE ONLY public.portfolio_strategy_history
    ADD CONSTRAINT portfolio_strategy_history_account_fkey FOREIGN KEY (account) REFERENCES public.portfolio(account) ON DELETE CASCADE NOT VALID;


--
-- Name: portfolio_strategy_history portfolio_strategy_history_strategy_id_fkey; Type: FK CONSTRAINT; Schema: public; Owner: app
--

ALTER TABLE ONLY public.portfolio_strategy_history
    ADD CONSTRAINT portfolio_strategy_history_strategy_id_fkey FOREIGN KEY (strategy_id) REFERENCES public.strategy(id) ON DELETE CASCADE NOT VALID;


--
-- Name: portfolio portfolio_strategy_id_fkey; Type: FK CONSTRAINT; Schema: public; Owner: app
--

ALTER TABLE ONLY public.portfolio
    ADD CONSTRAINT portfolio_strategy_id_fkey FOREIGN KEY (strategy_id) REFERENCES public.strategy(id) ON DELETE SET NULL NOT VALID;


--
-- Name: portfolio_values portfolio_values_account_fkey; Type: FK CONSTRAINT; Schema: public; Owner: app
--

ALTER TABLE ONLY public.portfolio_values
    ADD CONSTRAINT portfolio_values_account_fkey FOREIGN KEY (account) REFERENCES public.portfolio(account) ON DELETE CASCADE NOT VALID;


--
-- Name: strategy strategy_currency_fkey; Type: FK CONSTRAINT; Schema: public; Owner: app
--

ALTER TABLE ONLY public.strategy
    ADD CONSTRAINT strategy_currency_fkey FOREIGN KEY (currency) REFERENCES public.currency(currency) ON DELETE SET NULL NOT VALID;


--
-- Name: strategy strategy_risk_profile_fkey; Type: FK CONSTRAINT; Schema: public; Owner: app
--

ALTER TABLE ONLY public.strategy
    ADD CONSTRAINT strategy_risk_profile_fkey FOREIGN KEY (risk_profile) REFERENCES public.risk_profile(name) ON DELETE SET NULL NOT VALID;


--
-- Name: strategy strategy_type_fkey; Type: FK CONSTRAINT; Schema: public; Owner: app
--

ALTER TABLE ONLY public.strategy
    ADD CONSTRAINT strategy_type_fkey FOREIGN KEY (type) REFERENCES public.strategy_type(type) ON DELETE SET NULL NOT VALID;


--
-- Name: support_messages support_messages_user_id_fkey; Type: FK CONSTRAINT; Schema: public; Owner: app
--

ALTER TABLE ONLY public.support_messages
    ADD CONSTRAINT support_messages_user_id_fkey FOREIGN KEY (user_id) REFERENCES public."user"(id) ON DELETE SET NULL NOT VALID;


--
-- Name: user user_role_id_fkey; Type: FK CONSTRAINT; Schema: public; Owner: app
--

ALTER TABLE ONLY public."user"
    ADD CONSTRAINT user_role_id_fkey FOREIGN KEY (role_id) REFERENCES public.roles(id) ON DELETE SET NULL NOT VALID;


--
-- PostgreSQL database dump complete
--

