
INSERT INTO public.currency (currency, description) VALUES
('RUB',	'Российский рубль'),
('USD',	'Доллар США'),
('EUR',	'Евро') ON CONFLICT DO NOTHING;

INSERT INTO public.system_objects (object_name) VALUES
('Strategy'),
('RiskProfile'),
('Asset'),
('Customer'),
('Portfolio'),
('Operations'),
('RiskCalculation') ON CONFLICT DO NOTHING;

INSERT INTO public.permissions (permission) VALUES
('r'),
('rw'),
('e'),
('rwa'),
('rwad') ON CONFLICT DO NOTHING;

INSERT INTO public.roles (id, name) VALUES
('3864be7b-1432-4111-9056-5f7fc3ba8fb9', 'Управляющий'),
('b7eb8dea-bf52-49df-aeba-ab716fad29bb', 'Риск-менеджер'),
('8086f599-8822-4302-9b3e-cb14018af3de',	'Сотрудник бэк-офиса'),
('4773b77e-2637-496d-a86b-6e91279b0128',	'Аналитик'),
('d02f84a9-bc73-4f7f-9107-26484e449943',	'Руководство') ON CONFLICT DO NOTHING;

INSERT INTO public.strategy_type (type) VALUES
('Регламентная'),
('Индивидуальная'),
('NULL') ON CONFLICT DO NOTHING;

INSERT INTO public.objects_permissions (object, role_id, permission, strategy_type, id) VALUES
('Strategy',	'3864be7b-1432-4111-9056-5f7fc3ba8fb9',	'r',	'Регламентная',	'9072e690-4404-444b-8d36-9a5410b6f0df'),
('Strategy',	'3864be7b-1432-4111-9056-5f7fc3ba8fb9',	'r',	'Индивидуальная',	'9e2d42a0-90fe-475d-bdb4-56eceecf4fed'),
('Strategy',	'b7eb8dea-bf52-49df-aeba-ab716fad29bb',	'r',	'Регламентная',	'3e3aa11c-f772-4d39-8a69-cf545fddcf91'),
('Strategy',	'b7eb8dea-bf52-49df-aeba-ab716fad29bb',	'r',	'Индивидуальная',	'34e335bc-d31d-4fdf-8930-88e603d9b8b8'),
('Strategy',	'4773b77e-2637-496d-a86b-6e91279b0128',	'r',	'Регламентная',	'91e3dadb-5f3f-4c8f-a3a9-96bc7649cdd2'),
('Strategy',	'd02f84a9-bc73-4f7f-9107-26484e449943',	'r',	'Регламентная',	'a85bcb28-6223-4df6-87ef-c70f5638b659'),
('Strategy',	'd02f84a9-bc73-4f7f-9107-26484e449943',	'r',	'Индивидуальная',	'7e296021-ea43-4d6a-94c6-3e89ec5456a8'),
('Strategy',	'8086f599-8822-4302-9b3e-cb14018af3de',	'rwad',	'Регламентная',	'37e8a212-632a-45c5-bf52-aab573baccb2'),
('Strategy',	'8086f599-8822-4302-9b3e-cb14018af3de',	'rwad',	'Индивидуальная',	'b8d2e6f1-1ded-40cc-a134-19b652412a85'),
('RiskProfile',	'3864be7b-1432-4111-9056-5f7fc3ba8fb9',	'r',	'NULL',	'8eda897a-e668-45ea-8e8e-1721aa32dcd5'),
('RiskProfile',	'b7eb8dea-bf52-49df-aeba-ab716fad29bb',	'r',	'NULL',	'b8cd83ba-a0a1-4bb3-8280-bc2f20d80ad6'),
('RiskProfile',	'4773b77e-2637-496d-a86b-6e91279b0128',	'r',	'NULL',	'3e53b81a-1f85-4bcf-9870-edffd70b0ed1'),
('RiskProfile',	'd02f84a9-bc73-4f7f-9107-26484e449943',	'r',	'NULL',	'e3df5f0d-1c0a-48c5-a4c7-9d63f09a95a1'),
('RiskProfile',	'8086f599-8822-4302-9b3e-cb14018af3de',	'rwa',	'NULL',	'8c3da61b-7da1-480b-9e16-557916d53946'),
('Asset',	'3864be7b-1432-4111-9056-5f7fc3ba8fb9',	'r',	'NULL',	'0ba2c10c-8ae4-4948-b6bb-f5442818a946'),
('Asset',	'b7eb8dea-bf52-49df-aeba-ab716fad29bb',	'r',	'NULL',	'1853c54d-802b-48b4-998d-cb11144f3614'),
('Asset',	'4773b77e-2637-496d-a86b-6e91279b0128',	'r',	'NULL',	'ed699cbf-9b77-4052-9194-8cd84c51d933'),
('Asset',	'd02f84a9-bc73-4f7f-9107-26484e449943',	'r',	'NULL',	'8a5e7bb6-69ae-4a45-95a8-be6656ff96df'),
('Asset',	'8086f599-8822-4302-9b3e-cb14018af3de',	'rwa',	'NULL',	'064594c9-0350-49e3-8dbc-5de62a895c37'),
('Customer',	'3864be7b-1432-4111-9056-5f7fc3ba8fb9',	'r',	'NULL',	'f0afc545-c1bf-4613-8209-d84a6a35ea44'),
('Customer',	'd02f84a9-bc73-4f7f-9107-26484e449943',	'r',	'NULL',	'89ea279d-7655-412f-9199-a426e6cd2eb1'),
('Customer',	'8086f599-8822-4302-9b3e-cb14018af3de',	'rwad',	'NULL',	'66b657f2-6717-45fa-af30-3832e5663bd4'),
('Portfolio',	'3864be7b-1432-4111-9056-5f7fc3ba8fb9',	'rw',	'NULL',	'3cebaadf-a3cf-4d68-836e-8ab6056976f2'),
('Portfolio',	'b7eb8dea-bf52-49df-aeba-ab716fad29bb',	'r',	'NULL',	'dad017f8-0f36-4e9b-95d3-fce67da5ad60'),
('Portfolio',	'8086f599-8822-4302-9b3e-cb14018af3de',	'rwad',	'NULL',	'0e136507-d9b6-400c-9770-16476d8d7ca0'),
('Operations',	'3864be7b-1432-4111-9056-5f7fc3ba8fb9',	'e',	'NULL',	'60474015-a28d-406f-8389-51cda30708b3'),
('RiskCalculation',	'b7eb8dea-bf52-49df-aeba-ab716fad29bb',	'e',	'NULL',	'4c4e6820-a21f-4c50-a9f2-e7c5f3cdf9eb') ON CONFLICT DO NOTHING;

INSERT INTO public.risk_profile (name, max_var) VALUES
('Умеренный',	0.1),
('Консервативный',	0.15),
('Рациональный',	0.3),
('Агрессивный',	1.2) ON CONFLICT DO NOTHING;

INSERT INTO public.risk_metrics (name) VALUES
('Value at Risk') ON CONFLICT DO NOTHING;

INSERT INTO public.customer (id, name, branch) VALUES
('b389e46a-9db3-4af9-a714-094b52d61bc6', 'Магистриан Милов', 'Новосибирск'),
('39cfb05a-999c-4a22-affa-e7795ab64aff', 'Трофим Акулин', 'Иркутск'),
('6fa33ee7-f73c-4092-bbd0-a46912f3d685', 'Таяна Нагибина', 'Астрахань'),
('aa960f05-aca8-4708-a316-c3cb60bdb4a8', 'Даниил Суров', 'Барнаул'),
('81fa1e6e-a4bb-4d55-b52f-d6b14aa8d842', 'Сила Захарьин', 'Волгоград'),
('b16d86ca-65ed-4e8d-8144-51da12007ed4', 'Устинья Подистова', 'Иркутск'),
('729e191d-eea7-49b8-aec1-2952d65f5b85', 'Хлоя Хаустова', 'Тюмень'),
('b0db2c85-09ee-4877-b643-fc283a7407b5', 'Залина Гнилорыбова', 'Воронеж'),
('b60c3344-2aab-48db-8f3b-08e1a14a303f', 'Руслан Лапицкий', 'Иркутск'),
('208233ee-e98b-4d78-934d-7585feb82170', 'Пелагея Контровская', 'Калуга'),
('e8ed2fff-3090-4c18-8c0c-d7ecaec89c2c', 'Бьянка Лидская', 'Барнаул'),
('da72df8e-ff82-4a89-9b16-1ba7721f0896', 'Ирина Веркина', 'Красноярск'),
('3bf5f21e-eb73-4eac-baf4-b3f0b1ae5e9b', 'Ванда Гончарова', 'Нижний Новгород'),
('a4306c4f-5639-4546-ad4f-b3074df5c108', 'Евстафий Минаев', 'Ярославль'),
('f64baab6-c80c-45aa-a11f-409bd1539601', 'Данакт Евстигнеев', 'Омск'),
('8bde36f0-57dc-48a4-9015-eeec09eef60c', 'Марк Брагин', 'Липецк'),
('41545c16-22d2-421d-aef7-14f8fbaf6967', 'Жасмин Олисова', 'Челябинск'),
('81190d4a-6197-42fc-aaaa-72e3d3bea45b', 'Назар Байбородин', 'Екатеринбург'),
('a235787b-94f2-4be6-b05f-ad47d3fd1b5e', 'Климент Парфенчиков', 'Липецк'),
('476e0250-7eb2-49cf-9551-5ea36c6ecbf6', 'Авдей Нахапетов', 'Ярославль'),
('f6a06b17-68fa-4a77-ab52-c769a38ccc32', 'Марк Хлумов', 'Барнаул'),
('f1a2f56c-f32e-4532-a3a8-7fbc4441e962', 'Корнилий Садофьев', 'Казань'),
('c4bfb934-5c80-4517-ab40-3340f5a8f80c', 'Макария Меркурьева', 'Нижний Новгород'),
('695da21c-17fe-4e08-8c83-a9e28f81b1a6', 'Ярина Бакунина', 'Казань'),
('5f3c33a5-1a17-4271-aa68-9b27937b289b', 'Камилла Ермакова', 'Кемерово'),
('a5d9e1bc-9fc3-4677-8e6c-20b59e3f7ab2', 'Эвелина Игнатьева', 'Казань'),
('ece4e32f-b47b-4d5b-acec-467685768803', 'Зоя Козлачкова', 'Калининград'),
('2e4cba6b-8f3e-4080-944d-e954bc4ccbe1', 'Гульназ Нахапетова', 'Иркутск'),
('4fb45925-ce53-4588-bb7f-814eead8e5e1', 'Варвара Жаринова', 'Санкт-Петербург'),
('358fea42-c441-43b1-a306-898019211d0c', 'Мика Пахомова', 'Казань'),
('4d2774e8-f689-4b37-a0da-530c782474f8', 'Домна Лазарева', 'Красноярск'),
('4b11f0b7-9508-4377-8eca-6759e48a5bec', 'Далида Бодрова', 'Санкт-Петербург'),
('70586034-54f0-461d-abab-e0722590bb5e', 'Филимон Акатьев', 'Казань'),
('ff22117e-e629-40da-9e66-cd72a181b007', 'Александр Черепанов', 'Барнаул'),
('f06073d2-7d6f-441d-b2d3-fb7229641510', 'Данакт Болучевский', 'Ярославль'),
('46db04f6-9c7e-44d7-968d-068c4cd4fb63', 'Авксентий Репников', 'Иркутск'),
('628ae0e6-99b2-46d7-86bd-50bb5ee2dd68', 'Фарида Ивонина', 'Москва'),
('79ad18de-fb6a-4b07-ade0-1bc5e6c0e3c5', 'Лета Ахадова', 'Сочи'),
('5968252a-f67d-4e22-97c8-f2fcb56857e2', 'Пётр Бабуров', 'Екатеринбург'),
('e8b0faaa-adf5-4054-a775-0f111e75036f', 'Порфирий Лошкомоев', 'Волгоград'),
('bee724fc-f217-4cdf-a746-a54a896cd5f7', 'Дженна Согрина', 'Ижевск'),
('b63f1481-4868-4ad9-ba28-16afd8b84878', 'Онисим Колядин', 'Иркутск'),
('ee08e35c-7648-4ace-97c4-f7a6855d851d', 'Эстер Пастухова', 'Ярославль'),
('98b4d626-0653-42cb-b525-acc76e272071', 'Федосей Колпаков', 'Иркутск'),
('f267fd08-ffde-4797-b9be-538eb11ec7d6', 'Альвиан Овсеев', 'Калининград'),
('4b5205d1-ef2c-4ff3-b209-dda083fa6507', 'Ариадна Чивилихина', 'Новосибирск'),
('24a905a0-38c3-4406-af12-3c7d44fab731', 'Алина Казимирова', 'Астрахань'),
('19957a79-917b-4fa5-b628-2d53e8de61fa', 'Алия Давыдова', 'Сочи'),
('9b840664-ae7a-4372-9751-650fdc7ad93c', 'Тимофей Клюев', 'Казань'),
('376e2a63-2726-42c8-8b33-08d24d2275ce', 'Ефрем Солодников', 'Астрахань'),
('f6236196-e065-4a76-b453-965fc1abb939', 'Гоар Паршова', 'Краснодар'),
('7ae6d120-486f-41c5-8570-5b347d087f36', 'Джамиля Зеленина', 'Ярославль'),
('c8329444-9f24-4698-ad9a-154b12f20294', 'Луиза Терехова', 'Липецк'),
('3b359210-1468-4528-969c-6c156fbca4f4', 'Венедикт Котов', 'Уфа'),
('9b6e2e03-b50a-4a3d-89ad-23f84950a748', 'Тара Фокина', 'Воронеж'),
('60102d99-ad3a-46f9-b7dd-2ebecc417314', 'Наргиза Андрусова', 'Ижевск'),
('24482edd-71a8-4381-b635-07cd6649b82f', 'Леонид Евтифеев', 'Воронеж'),
('69a2e9eb-d34c-4519-8701-0dd8ba758b7b', 'Эсмеральда Садофьева', 'Пермь'),
('8dcecd32-af47-495d-a05e-39ba0e6c8823', 'Арина Вихрова', 'Красноярск'),
('1d95ad4a-0b90-4302-b2b9-d2e269471e6f', 'Эмма Каткова', 'Воронеж'),
('4f602725-3271-4cba-8191-552744a789c4', 'Вера Фёдорова', 'Красноярск'),
('1fa59668-fe60-44b5-8765-a17578564a09', 'Сальма Доронина', 'Новосибирск'),
('c2d5281f-f71c-4ec7-8615-b4408afd8680', 'Герман Ганичев', 'Сочи'),
('a8cf5114-c47c-46d2-a9a0-9db38d579e64', 'Владлен Багринцев', 'Калуга'),
('247f7b87-2777-453f-8c7d-e0d604b83e6f', 'Анатолий Минаев', 'Калининград'),
('0c8a1a54-edc9-482d-ae7a-78b0bbc4584d', 'Яков Чиков', 'Москва'),
('dff98c06-a5c8-4cc6-9f5e-8c46c887f63b', 'Галактион Чуковский', 'Сочи'),
('f4b52879-e6b3-4575-9e07-69b257af4953', 'Гульшат Алданова', 'Омск'),
('4e795e11-7c2e-4544-a208-3c1681ce2053', 'Марк Щепа', 'Красноярск'),
('4ee6e56c-0698-47e9-8f21-ceedca25972c', 'Родослав Фомин', 'Москва'),
('48e6a00d-6451-4509-ae27-94c3cf321b68', 'Пантелеймон Колокольцев', 'Астрахань'),
('73e499bd-1017-46d4-ae0b-ab01e7d02a55', 'Люче Буркатовская', 'Кемерово'),
('fc903c50-aeec-4e8c-ac8f-adb9ce7b95ef', 'Флорентина Утёсова', 'Пермь'),
('d944cc07-c714-461a-a8d8-aaad7b1ca0dd', 'Михаил Максимов', 'Санкт-Петербург'),
('a0fc2676-ee9b-40ff-9606-a49a8cbf2994', 'Ирина Еланцева', 'Екатеринбург'),
('829d4b69-245c-4e22-b4d1-11e7f8ff3757', 'Добрыня Гиршович', 'Иркутск'),
('0bd577c4-b2bb-4521-87c2-31339b6ea762', 'Максим Фионин', 'Барнаул'),
('b50d2b9e-d53f-421a-9c6d-e6ac3ecdcebb', 'Наоми Акатова', 'Санкт-Петербург'),
('a632c84e-fe43-4be7-a2a2-eefeb701803e', 'Валентин Солнцев', 'Ижевск'),
('a07e647c-5c00-406b-92b4-26d39fbf7104', 'Прасковья Гладышева', 'Тюмень'),
('c7a2e079-44ab-4c0b-acbc-8fde563faa71', 'Вячеслав Мельников', 'Астрахань'),
('bed4255a-7ce3-4f84-ad61-a1a54a62c72c', 'Алевтина Королева', 'Челябинск'),
('d96595cd-c248-4852-8e77-f1240cf29ac2', 'Гавриил Манулкин', 'Липецк'),
('8d9bb5b1-af77-48ce-aebb-8d3bbd4670a3', 'Тихон Михальченко', 'Калининград'),
('7dcae5b1-a270-409b-badf-d0a543c581d7', 'Феликс Антонов', 'Челябинск'),
('98eb4055-6991-4b88-a1bd-30e8c08e4ba8', 'Паула Григорова', 'Волгоград'),
('cb528861-72cd-4152-b846-902519a50cba', 'Григорий Шаров', 'Челябинск'),
('31902578-7ab5-4660-97f0-2c2b4706f220', 'Борис Казаков', 'Ярославль'),
('6d38b059-ea76-4799-8a84-7c6631cc476e', 'Стелла Репникова', 'Красноярск'),
('74d7359f-35b4-4eef-99e2-626b84864d66', 'Разина Яськова', 'Калининград'),
('03338e3d-25e2-48a2-bb5c-a4d6e6dfb581', 'Ефрем Левитас', 'Пермь'),
('4e2ec306-db7a-4f87-9750-219815caa4b0', 'Марта Беляева', 'Калуга'),
('8f11eb7f-8a8d-4d6e-814f-6ff8e29e13b5', 'Анатолий Гандлевский', 'Ярославль'),
('965f85bb-7449-4715-8870-096765b139c2', 'Климент Иовлев', 'Челябинск'),
('fb401f33-e067-472d-8f7b-f9c1ac278aea', 'Олег Кассиль', 'Челябинск'),
('9a71df41-431c-47a9-ac51-8a7415599ac4', 'Кара Успенская', 'Ижевск'),
('89522f95-cc86-4c02-aeb0-6bdffeb09a2d', 'Аникита Скапидаров', 'Калуга'),
('871c78be-d220-4743-bfca-dd46276e9f25', 'Евгения Удачина', 'Липецк'),
('4a7ea802-85ec-4da9-812f-60bfe1f1fc60', 'Викентий Глинка', 'Кемерово'),
('ad8c914e-aea3-4ee7-9816-02c43722521b', 'Артемий Овчинников', 'Калининград'),
('27fe5a34-7710-494f-8ec1-e916dad0dd42', 'Милена Артемьева', 'Липецк'),
('1be7b9db-dbed-401c-8702-02f4f330edb1', 'Мелентий Бортников', 'Пермь'),
('63b7ed7f-b564-4159-8567-00644a0f86b6', 'Герман Пияшев', 'Казань'),
('786a037b-136d-4cc3-bc14-c8157d48f0f3', 'Вениамин Долинский', 'Волгоград'),
('35253153-bd56-4be5-a0e9-e787111991f0', 'Куприян Иванов', 'Волгоград'),
('915e0ab9-1982-45ec-90e9-362f1bced4e8', 'Лариса Боченкова', 'Пермь'),
('93ca59d7-cb4a-49da-b675-589ef19d93fb', 'Серафим Анцыферов', 'Сочи'),
('593bbff7-fc6a-44fa-9c57-64a1af3e5be9', 'Лора Ломоносова', 'Калуга'),
('2385964e-6dd9-4c7f-81ac-0d4ed8a1ff39', 'Агафон Пахомов', 'Волгоград'),
('dca564c4-a66a-418f-a05b-b28e051d21c5', 'Маргарита Кашина', 'Барнаул'),
('031869fe-8770-4de4-9173-edcfd753e1b0', 'Люция Епифанова', 'Иркутск'),
('5a149fd9-6e2f-4ea1-986b-ced099e4557d', 'Этери Кошелева', 'Ижевск'),
('3e9f2f44-723c-467b-9b25-02255ebd40bc', 'Ляйсан Левитина', 'Уфа'),
('286fa3e0-9eed-44ac-8c1c-e4397a2cd185', 'Илья Авксентьев', 'Воронеж'),
('bb80110e-0f7f-4a46-801a-15033b251a48', 'Порфирий Логинов', 'Нижний Новгород'),
('b5b9c5e3-185c-4761-83fc-1f14b8b66c88', 'Алсу Проханова', 'Санкт-Петербург'),
('d528386c-ae5d-4f45-9f6f-db3889b603e5', 'Михаил Безрученко', 'Красноярск'),
('6195cd45-562f-4b0e-b1c9-9b1c90372916', 'Роксана Казанцева', 'Кемерово'),
('4afd293d-5a57-4ac4-9b6d-36cfc72aecfe', 'Прасковья Ивонова', 'Кемерово'),
('7ee2b022-1aa4-471d-97cc-54b15d02a459', 'Германн Чарушников', 'Санкт-Петербург'),
('b2da9a14-0096-4d53-96c4-d28ff62d3222', 'Виталина Колпакова', 'Барнаул'),
('facf33e2-f178-4123-bf1b-f02c2a0e7bb2', 'Лолита Новосельцева', 'Нижний Новгород'),
('a2e73b89-6033-4216-a91f-654346a7017d', 'Евсей Назарьев', 'Красноярск'),
('80b2a236-6ed8-4b8b-9ae8-b1ae22424901', 'Нора Парщикова', 'Казань'),
('74d4d2a0-40c3-4066-a73e-477a14faf343', 'Феоктист Шакиров', 'Тюмень'),
('97a5617c-ce97-4ba8-bbc5-8241f27729ba', 'Фелиция Силина', 'Ярославль'),
('5f68a60b-2723-43c5-824e-f4b92cabc684', 'Аврора Кулакова', 'Санкт-Петербург'),
('ef4b7e17-0d1c-436b-b56e-3a07bae44bfb', 'Агафон Остратов', 'Липецк'),
('4113b517-8c36-4b58-828e-9e07a2fd8452', 'Иннокентий Витязев', 'Красноярск'),
('9b30881a-5b17-413d-9cfa-ab52deb537d9', 'Геласий Лугинов', 'Пермь'),
('fbae3cad-af18-4efe-b1a5-15e2bd5f1b07', 'Сара Садофова', 'Москва'),
('9e099e96-a6d8-40ff-856a-d03b75538b99', 'Глафира Тарковская', 'Барнаул'),
('a893b457-7ef5-477c-9aa1-374b4e1fbd55', 'Галактион Давыдов', 'Иркутск'),
('f3f0c451-e54a-49a3-8ec9-f0b03bae5547', 'Евдоким Асташин', 'Екатеринбург'),
('640e1acd-ea00-4f77-971e-947233073a8a', 'Никита Евсеев', 'Казань'),
('84d95c70-588a-4c78-9b23-0d5e304c01ee', 'Харитон Домников', 'Москва'),
('8eeffc98-385f-4fcd-9afa-e78794b112cb', 'Борис Климентов', 'Екатеринбург'),
('01ff8618-0f52-4ba3-8ddf-a729348cdd5c', 'Фаддей Ахмедов', 'Калуга'),
('b43853fd-0622-48d7-90af-28a485688663', 'Алексей Полоцкий', 'Уфа'),
('8dbeb72f-7985-42bf-8d03-cf1a38ddac33', 'Агафон Жуковский', 'Кемерово'),
('c439f497-2bcc-4fc9-8ea8-ebb69af847a4', 'Даяна Крапивина', 'Краснодар'),
('6fddffba-376c-4459-aa36-31fca134d515', 'Сергей Нехлюдов', 'Тюмень'),
('df627554-c73f-49e6-a4eb-e6994979504a', 'Сабина Харламова', 'Калуга'),
('2c9a124a-41ab-468c-834e-4da2beb87ad0', 'Никанор Антонов', 'Ярославль'),
('2340ce04-3982-4c6e-b77d-090c4336698e', 'Рианна Мосеева', 'Тюмень'),
('3ba784d2-12ba-4f04-bc1d-953c6e5df0a6', 'Аркадий Расторгуев', 'Новосибирск'),
('d9c60e6e-1496-4e1b-824f-e5d172db8ceb', 'Флоренция Знаменская', 'Тюмень'),
('7ae50cf0-8cb0-4578-a107-4c28355730b0', 'Конон Шаргунов', 'Ярославль'),
('1425d53c-a9ae-4e51-bdf8-03a238dd7c30', 'Георгий Гусельников', 'Тюмень'),
('ea605099-410c-48a0-864a-e1289a39c178', 'Никита Зотов', 'Иркутск'),
('a787384e-6860-4d5e-a573-39354294c853', 'Наима Скоробогатова', 'Краснодар'),
('03e8b305-b01d-4f7a-872a-4e72d6119cd5', 'Лета Филатова', 'Санкт-Петербург'),
('5cf12963-94ca-4704-9030-2da0e4000b62', 'Альбина Вотрина', 'Ижевск'),
('b2a88752-2f66-40d0-9248-1736e065fb34', 'Ада Алешковская', 'Волгоград'),
('2473b65b-66c7-4ee3-aa34-7db8b174bc61', 'Лолита Астахова', 'Уфа'),
('720b9477-2867-4c3a-ae5a-ab5e5664744a', 'Платон Лесков', 'Калуга'),
('bcecf43c-390d-49cd-b7bb-f1ae238f65d7', 'Илона Прокопьева', 'Иркутск'),
('f69276e9-4ce6-4872-af29-ecd0f9f22eb1', 'Иулиан Данихнов', 'Сочи'),
('c917368d-ff65-409f-9d03-a42a7f615e04', 'Мира Борисова', 'Новосибирск'),
('40272d9f-8461-4bcc-9cff-5a5ab55595e4', 'Асель Аркадьина', 'Воронеж'),
('83d192f7-aeab-46aa-80a0-f2a4deb1ce3f', 'Шахина Белезянская', 'Тюмень'),
('e9effe89-12d6-40b2-9e5a-b5950ea4980d', 'Владлен Собчак', 'Уфа'),
('4d2dbe5f-fe33-4061-9c32-9000d24fbebf', 'Изабелла Шалыганова', 'Липецк'),
('c319ee19-b942-4f48-a3bb-07ed1eb2172a', 'Таисия Ершова', 'Челябинск'),
('71d4433c-6509-4a18-ba7c-b35fc7dcb506', 'Моника Чернова', 'Астрахань'),
('2cfb8be2-c941-4bc3-9a8f-4ba742dd77a9', 'Галактион Кулаков', 'Краснодар'),
('90b1c14a-dc3c-4b74-b96f-60ed0f60f383', 'Ума Перумова', 'Санкт-Петербург'),
('9c8f6525-feb7-4ccb-abc1-11bb4070ea70', 'Эльмира Филипова', 'Нижний Новгород'),
('0168afdf-1a8e-431e-9345-3b23968d5751', 'Евангелина Оглоблина', 'Ярославль'),
('283afdcc-b7d0-45fc-a20e-59630636e155', 'Владислав Олисов', 'Астрахань'),
('a316dbb2-5e2f-46fc-a6ec-9d65523f3a73', 'Ким Малецкий', 'Казань'),
('820f6d0d-7352-4d12-afcc-e452a9ad7ae0', 'Дана Наумова', 'Уфа'),
('12ea3d01-7d6a-45c9-b9b5-a03e13db2e08', 'Климент Житков', 'Иркутск'),
('656207eb-0844-4f88-97b1-e9ef6b3555cd', 'Ираклий Ельшин', 'Казань'),
('e538e762-da2a-4a41-afe1-d5fb68b9706f', 'Геласий Мерецков', 'Москва'),
('e2a08781-73ad-4051-8abb-bb6159a2e76f', 'Степан Купряшин', 'Нижний Новгород'),
('5c8cda39-0164-430a-9c1b-a0c343669eb7', 'Мика Арсеньева', 'Казань'),
('b65dec47-7cd6-4ba1-a6c5-386249b9e0ba', 'Игорь Лапин', 'Волгоград'),
('767d761e-36c6-4320-8fd4-f89031dfe95d', 'Надежда Есина', 'Красноярск'),
('c1fe7e33-e233-4c5e-bff0-49cca6abe16b', 'Виталий Макарьев', 'Калуга'),
('b9a0faf5-1849-4dd6-a3bd-8a48fa6ccd42', 'Якун Лебедь', 'Челябинск'),
('67762591-3280-42f2-bae2-bad8b6933f2d', 'Демид Беляев', 'Пермь'),
('0dea9c9e-f44f-400b-be37-afc0c27bf3de', 'Викентий Лавров', 'Омск'),
('2726987f-437f-43c7-9e62-8a0cc57ded5e', 'Бажена Черкашина', 'Красноярск'),
('433b5036-5acd-4fe0-a006-e56b91efd824', 'Анабель Мартытова', 'Ижевск'),
('9c82c321-6068-491f-adfe-37e45fec429d', 'Пахомий Букша', 'Астрахань'),
('78e6f192-fec0-48f5-9d90-30e3a1c74217', 'Лия Зюганова', 'Челябинск'),
('6edc7463-df41-4745-a77e-6cfdbc3b1048', 'Кристина Платухина', 'Краснодар'),
('9f5b953f-84fd-476b-9f51-eaf295ad7b5e', 'Никанор Чарушников', 'Екатеринбург'),
('ab974831-efbc-413c-a9f0-10796fd17178', 'Артём Ганиев', 'Волгоград'),
('ec1cd365-da23-4170-8c0f-efc12d85013a', 'Афанасий Олейников', 'Калуга'),
('c0aa5b83-caed-40aa-bba2-0a85f81e845b', 'Дильнара Аксентьева', 'Нижний Новгород'),
('2c78de25-6a42-4760-bd8c-7759f27012e0', 'Серафим Сбруев', 'Екатеринбург'),
('466b4d25-2808-4488-8ccc-69aae923515e', 'Михримах Сошникова', 'Сочи'),
('a1c70ead-0ef6-4cd4-89df-3b6840a7bcaf', 'Владислав Муравьёв', 'Красноярск'),
('2f6b3cfb-34fc-402e-bade-d78ca251e9c9', 'Мелентий Стародубцев', 'Красноярск'),
('698e0990-fe75-47a3-99d1-1b0e959d6242', 'Вадим Дёготь', 'Новосибирск'),
('f70d35ad-9efc-4173-a8bd-c8ac91cafc77', 'Варвара Яворская', 'Санкт-Петербург'),
('f6efae57-a078-4831-b8bb-59bfecd0e736', 'Хадия Задорова', 'Волгоград'),
('b3a1d7e0-fe2e-46db-a1ee-e178572545e9', 'Кузьма Долиняк', 'Екатеринбург') ON CONFLICT DO NOTHING;

INSERT INTO public.user (id, login, name, password, created_at, is_superuser, role_id) VALUES
('dc463ca1-f38a-4636-8413-64823d8cf6fa', 'compensation2056@bcs.ru', 'Андрей Глуховский', 'jx7zWUTW5q', '2024-01-05', False, 'd02f84a9-bc73-4f7f-9107-26484e449943'),
('eb98c089-c386-4c2c-86c3-8671417dc8bc', 'trinidad1856@bcs.ru', 'Долорес Григорьева', 'Ctu6H1S0Mb', '2024-01-05', False, '3864be7b-1432-4111-9056-5f7fc3ba8fb9'),
('c8d7c40b-1ba0-4d95-8e9d-d4727917db66', 'subjective1999@bcs.ru', 'Нина Мирошникова', 'hHTMwuKCnt', '2024-01-05', False, '3864be7b-1432-4111-9056-5f7fc3ba8fb9'),
('e092ca73-49d5-43f6-a9c9-08430ab1f0f9', 'statutes1914@bcs.ru', 'Мадина Монастырская', 'QhsQIpZmIj', '2024-01-05', False, '4773b77e-2637-496d-a86b-6e91279b0128'),
('9a8110fd-7a1b-45fa-b6c8-1dc9c7083730', 'poker1860@bcs.ru', 'Федот Яхин', 'nKBNVoBUKV', '2024-01-05', False, '4773b77e-2637-496d-a86b-6e91279b0128'),
('00b23eb1-6e8b-4b9f-a0e4-b44517e4145a', 'antique1953@bcs.ru', 'Антонин Дементьев', 'WfIJFntroo', '2024-01-05', False, 'd02f84a9-bc73-4f7f-9107-26484e449943'),
('52d2462f-c4f3-4423-a4b1-3c032ecefadb', 'venture1806@bcs.ru', 'Федосей Углев', 'E5BIeENOIv', '2024-01-05', False, '3864be7b-1432-4111-9056-5f7fc3ba8fb9'),
('bbf386e9-dc56-4857-b4b4-096d7a77aaae', 'novelty2050@bcs.ru', 'Алия Данова', 'sLStQQaWt9', '2024-01-05', False, 'b7eb8dea-bf52-49df-aeba-ab716fad29bb'),
('553c7101-b49c-49ff-a470-9b8d60591b3b', 'remain1944@bcs.ru', 'Лиора Распутина', '1YiPCaH09K', '2024-01-05', False, '3864be7b-1432-4111-9056-5f7fc3ba8fb9'),
('9ff2269f-2739-40d9-92c9-b45a9a030d0a', 'environment2047@bcs.ru', 'Авксентий Гумилёв', 'klC0ZKsvYv', '2024-01-05', False, 'b7eb8dea-bf52-49df-aeba-ab716fad29bb'),
('7bc0bc6f-ff51-4dd3-aa3b-bbe64560af0c', 'classical1911@bcs.ru', 'Дженна Житинская', '3TU8t5vkOZ', '2024-01-05', False, 'd02f84a9-bc73-4f7f-9107-26484e449943'),
('aeba4de0-9a6a-4bc5-9970-754c4850c7ba', 'turns1865@bcs.ru', 'Георгий Стратоников', 'SaaqAId3xn', '2024-01-05', False, 'b7eb8dea-bf52-49df-aeba-ab716fad29bb'),
('82313918-121a-4413-b98d-ad268d13931d', 'cst1860@bcs.ru', 'Анжелика Федотьева', 'cqvBUWcNMs', '2024-01-05', False, '8086f599-8822-4302-9b3e-cb14018af3de'),
('f919c7a1-ffda-4368-9a70-79c81fe1280a', 'larger1999@bcs.ru', 'Аксинья Боченкова', 'spLzFCUtOu', '2024-01-05', False, '3864be7b-1432-4111-9056-5f7fc3ba8fb9'),
('eae4ebcc-fdf7-4812-809c-9851e5a98a92', 'obtaining1919@bcs.ru', 'Тара Поплавская', '2s22kyFqdG', '2024-01-05', False, '3864be7b-1432-4111-9056-5f7fc3ba8fb9'),
('a0cd5822-ed3c-4479-9194-0715ceddc4bd', 'george1917@bcs.ru', 'Кондрат Арсеньев', 'SspB4Iqs3h', '2024-01-05', False, '4773b77e-2637-496d-a86b-6e91279b0128'),
('2ebe2a44-2135-4bd6-b05d-61a3623959ea', 'concentration2089@bcs.ru', 'Вилена Копелева', 'K9A2yuDA39', '2024-01-05', False, '4773b77e-2637-496d-a86b-6e91279b0128'),
('ada06422-e499-46dd-8a45-5ef46c5bb1ea', 'social2053@bcs.ru', 'Аэлита Белокурова', '98cc5GTNTg', '2024-01-05', False, '3864be7b-1432-4111-9056-5f7fc3ba8fb9'),
('3fe5333b-0ea6-4a7c-88c5-0cc344af4b5a', 'ought1813@bcs.ru', 'Фаддей Варшавский', 'pzKqNcwMa4', '2024-01-05', False, '8086f599-8822-4302-9b3e-cb14018af3de'),
('a613cf7f-2ee2-44d7-8e4e-ee664028da9d', 'promise1863@bcs.ru', 'Сила Дмитриев', 'L72TfKyi1j', '2024-01-05', False, '3864be7b-1432-4111-9056-5f7fc3ba8fb9'),
('e710b631-0efc-4340-8933-2bcc717602dc', 'industry1989@bcs.ru', 'Анфиса Ивонина', 'E8qVtyWBGp', '2024-01-05', False, 'd02f84a9-bc73-4f7f-9107-26484e449943'),
('32f43800-3f31-4ca6-a1bc-fb92701a1243', 'nokia1974@bcs.ru', 'Раяна Шмелева', 'STvQOPlrDh', '2024-01-05', False, '8086f599-8822-4302-9b3e-cb14018af3de'),
('c72cdb73-b390-434c-ae2f-1f7c9a0a8afa', 'chicken1809@bcs.ru', 'Кузьма Еланцев', 'VBVLivR08L', '2024-01-05', False, '8086f599-8822-4302-9b3e-cb14018af3de'),
('45561c4f-43b6-4b44-9d0a-53f525cfdbf0', 'process1913@bcs.ru', 'Чулпан Володарская', 'rSIFXNLt79', '2024-01-05', False, '4773b77e-2637-496d-a86b-6e91279b0128'),
('e2893e3f-624a-46c1-85f1-60f24b4d717d', 'podcast1868@bcs.ru', 'Трофим Паустовский', 'ztfpJmCcKC', '2024-01-05', False, '3864be7b-1432-4111-9056-5f7fc3ba8fb9'),
('f534b1af-055d-4a27-bc36-3297bde35f84', 'overcome2062@bcs.ru', 'Злата Гущина', 'dIXEBLDsGi', '2024-01-05', False, 'b7eb8dea-bf52-49df-aeba-ab716fad29bb'),
('101799ac-831e-4c45-8b9f-6886324df56d', 'expression1907@bcs.ru', 'Глафира Алфёрова', 'Cyqun9mk6f', '2024-01-05', False, '8086f599-8822-4302-9b3e-cb14018af3de'),
('327d9e28-04b2-41b0-b37d-e65ab330f460', 'lewis1807@bcs.ru', 'Нонна Трефильева', 'nyKofIztzM', '2024-01-05', False, 'b7eb8dea-bf52-49df-aeba-ab716fad29bb'),
('2d5dcace-1906-464b-b11b-ecfe91305488', 'overcome1938@bcs.ru', 'Феруза Чарская', 'cbbwjPMmGt', '2024-01-05', False, '4773b77e-2637-496d-a86b-6e91279b0128'),
('356f3733-115c-42e4-85a6-b06217e46fca', 'chad1851@bcs.ru', 'Айнагуль Замуткина', 'nwpTGCrYuN', '2024-01-05', False, '4773b77e-2637-496d-a86b-6e91279b0128') ON CONFLICT DO NOTHING;

INSERT INTO public.asset ("ISIN", ticker, name, sector) VALUES
('US0378331005', 'AAPL', 'Apple Inc.', 'Technology'),
('US5949181045', 'MSFT', 'Microsoft Corporation', 'Technology'),
('US64110L1061', 'NFLX', 'Netflix, Inc.', 'Communication Services'),
('US67066G1040', 'NVDA', 'NVIDIA Corporation', 'Technology'),
('US30303M1027', 'META', 'Meta Platforms, Inc.', 'Communication Services'),
('US88160R1014', 'TSLA', 'Tesla, Inc.', 'Consumer Cyclical'),
('US0231351067', 'AMZN', 'Amazon.com, Inc.', 'Consumer Cyclical'),
('CA93267X1006', 'WMT', 'Walmart Inc.', 'Consumer Defensive'),
('US7185461040', 'PSX', 'Phillips 66', 'Energy'),
('US6745991058', 'OXY', 'Occidental Petroleum Corporatio', 'Energy'),
('ARDEUT116159', 'GOOG', 'Alphabet Inc.', 'Communication Services'),
('US2546871060', 'DIS', 'Walt Disney Company (The)', 'Communication Services'),
('ARBCOM460366', 'SPOT', 'Spotify Technology S.A.', 'Communication Services'),
('US5324571083', 'LLY', 'Eli Lilly and Company', 'Healthcare'),
('US58933Y1055', 'MRK', 'Merck & Company, Inc.', 'Healthcare'),
('US7170811035', 'PFE', 'Pfizer, Inc.', 'Healthcare') ON CONFLICT DO NOTHING;

INSERT INTO public.strategy(id, name, currency, type, risk_profile, structure, valid, management_fee, success_fee, benchmark) VALUES
('93a03740-8124-4a12-ae95-65bbf63f9d37', 'Стратегия Глобального Роста', 'EUR', 'Регламентная', 'Консервативный', '{"MRK": 30, "NVDA": 40, "MRK": 15, "NVDA": 7, "NVDA": 8}', True, 0.7, 1.7, '{"IMOEX": 100}'),
('ce9d1ace-6853-453e-8b9a-3c150c649330', 'Импульс Инноваций', 'EUR', 'Регламентная', 'Умеренный', '{"NVDA": 30, "OXY": 40, "MSFT": 15, "WMT": 7, "TSLA": 8}', True, 0.7, 3.5, '{"IMOEX": 100}'),
('6d2042ee-8ff0-4e5a-9690-b308c71f32ea', 'Прорыв на Рынке', 'RUB', 'Индивидуальная', 'Умеренный', '{"AAPL": 30, "DIS": 40, "OXY": 15, "MSFT": 7, "DIS": 8}', True, 0.4, 1.5, '{"IMOEX": 100}'),
('d8ec1aec-beb1-4789-9f23-dbbd00619ee6', 'Агрессивный Баланс', 'USD', 'Регламентная', 'Умеренный', '{"OXY": 30, "WMT": 40, "OXY": 15, "MSFT": 7, "AAPL": 8}', True, 0.4, 3.6, '{"IMOEX": 100}'),
('93b19ecc-772b-4af2-bc3c-2b3f1325c4ce', 'Путь к Успеху', 'RUB', 'Регламентная', 'Консервативный', '{"NFLX": 30, "META": 40, "OXY": 15, "TSLA": 7, "SPOT": 8}', True, 0.6, 1.5, '{"IMOEX": 100}'),
('ad382c1f-bf9d-4de7-bf1f-3b2e998e6c3b', 'Сила Диверсификации', 'RUB', 'Регламентная', 'Агрессивный', '{"NFLX": 30, "OXY": 40, "MRK": 15, "TSLA": 7, "WMT": 8}', True, 0.6, 4.5, '{"IMOEX": 100}'),
('16020ebe-5030-4059-a4d0-05f151b1bb53', 'Выгодное Вложение', 'EUR', 'Индивидуальная', 'Умеренный', '{"DIS": 30, "NFLX": 40, "AAPL": 15, "DIS": 7, "MSFT": 8}', True, 0.5, 1.9, '{"IMOEX": 100}'),
('98f6f47b-3096-4d34-9fa8-3a6d09202164', 'Движущая Сила Инвестиций', 'USD', 'Индивидуальная', 'Агрессивный', '{"AMZN": 30, "MSFT": 40, "GOOG": 15, "MSFT": 7, "AMZN": 8}', True, 0.3, 2.1, '{"IMOEX": 100}'),
('f7ea2c1c-ef49-4db7-8a7f-ada76685e104', 'Золотой Фонд', 'RUB', 'Индивидуальная', 'Агрессивный', '{"NFLX": 30, "GOOG": 40, "TSLA": 15, "AAPL": 7, "PFE": 8}', True, 0.6, 2.0, '{"IMOEX": 100}'),
('26aad405-77ff-4dc5-a89d-159513c9ff7c', 'Инвестиционный Ренессанс', 'RUB', 'Индивидуальная', 'Агрессивный', '{"WMT": 30, "NFLX": 40, "MRK": 15, "META": 7, "MSFT": 8}', True, 0.7, 3.7, '{"IMOEX": 100}'),
('dc475456-2b15-4270-8bdb-3810ed94062d', 'Ключ к Прибыли', 'EUR', 'Индивидуальная', 'Умеренный', '{"AAPL": 30, "WMT": 40, "MRK": 15, "AAPL": 7, "PFE": 8}', True, 0.8, 2.7, '{"IMOEX": 100}'),
('c4c157ef-5dc9-46b8-8db0-fa5b72d43e57', 'Мультистратегия', 'USD', 'Регламентная', 'Рациональный', '{"AAPL": 30, "META": 40, "OXY": 15, "PSX": 7, "AAPL": 8}', True, 0.4, 4.3, '{"IMOEX": 100}'),
('e698d5c5-755d-48c8-9bc7-0b6b0760bd47', 'Ось Успеха', 'RUB', 'Индивидуальная', 'Умеренный', '{"SPOT": 30, "NVDA": 40, "PSX": 15, "META": 7, "META": 8}', True, 0.9, 4.5, '{"IMOEX": 100}'),
('f4fc5628-3c31-4800-b84e-e42fd00141ef', 'Путь к Стабильности', 'USD', 'Индивидуальная', 'Рациональный', '{"AMZN": 30, "MSFT": 40, "NFLX": 15, "LLY": 7, "WMT": 8}', True, 0.7, 1.4, '{"IMOEX": 100}'),
('73b0251a-e881-409c-bbff-8ca71ccf9889', 'Растущая Мощь', 'USD', 'Регламентная', 'Рациональный', '{"PSX": 30, "WMT": 40, "WMT": 15, "TSLA": 7, "AMZN": 8}', True, 0.4, 2.3, '{"IMOEX": 100}'),
('6bcc2e93-bc5d-4613-a34b-03550b88093c', 'Рыночная Экспансия', 'USD', 'Индивидуальная', 'Рациональный', '{"META": 30, "OXY": 40, "LLY": 15, "LLY": 7, "PFE": 8}', True, 0.1, 3.6, '{"IMOEX": 100}'),
('989e14c5-c39f-40ee-ac8c-69d0ac3cfecb', 'Скачок к Успеху', 'RUB', 'Регламентная', 'Консервативный', '{"SPOT": 30, "DIS": 40, "OXY": 15, "NVDA": 7, "PSX": 8}', True, 0.4, 3.0, '{"IMOEX": 100}'),
('1293d4b8-3da9-4adb-87a7-3e8cd5b83dd8', 'Стремление к Вершинам', 'EUR', 'Регламентная', 'Рациональный', '{"META": 30, "MSFT": 40, "META": 15, "AAPL": 7, "AAPL": 8}', True, 0.2, 2.6, '{"IMOEX": 100}'),
('3ec870c2-6c16-4110-b185-4b1a64eb3da1', 'Финансовая Независимость', 'USD', 'Регламентная', 'Агрессивный', '{"WMT": 30, "AAPL": 40, "NFLX": 15, "GOOG": 7, "PSX": 8}', True, 0.3, 3.4, '{"IMOEX": 100}'),
('2fc0114b-a39e-4f38-8a4e-d5003ba96d1d', 'Фортуна Инвестора', 'RUB', 'Регламентная', 'Консервативный', '{"TSLA": 30, "OXY": 40, "AAPL": 15, "LLY": 7, "SPOT": 8}', True, 0.8, 1.0, '{"IMOEX": 100}'),
('5bc008ef-3891-4283-bcae-243575662e59', 'Взлет и Падение', 'USD', 'Индивидуальная', 'Консервативный', '{"PFE": 30, "META": 40, "PSX": 15, "MSFT": 7, "DIS": 8}', True, 0.6, 3.8, '{"IMOEX": 100}'),
('0433f135-0dbf-4aea-b09c-11da57dcce5c', 'Волна Роста', 'RUB', 'Индивидуальная', 'Умеренный', '{"NFLX": 30, "AMZN": 40, "PFE": 15, "OXY": 7, "PFE": 8}', True, 0.7, 3.9, '{"IMOEX": 100}'),
('ccfd85ee-6687-4d7e-a442-4c06dcaf302f', 'Грядущие Возможности', 'EUR', 'Индивидуальная', 'Умеренный', '{"MSFT": 30, "GOOG": 40, "AAPL": 15, "WMT": 7, "SPOT": 8}', True, 0.4, 3.5, '{"IMOEX": 100}'),
('7fd54e34-abfb-4e47-8a96-53b0b98dea5f', 'Древо Успеха', 'USD', 'Регламентная', 'Рациональный', '{"NFLX": 30, "OXY": 40, "GOOG": 15, "MSFT": 7, "AMZN": 8}', True, 0.4, 2.9, '{"IMOEX": 100}'),
('aaa0d938-5788-474a-944e-00f3c1d790bb', 'Защитный Экран', 'USD', 'Регламентная', 'Консервативный', '{"AAPL": 30, "GOOG": 40, "AMZN": 15, "GOOG": 7, "SPOT": 8}', True, 0.8, 4.5, '{"IMOEX": 100}'),
('3c5ea9b1-7fa8-4335-a25a-85663ad591f5', 'Инвестиции в Будущее', 'USD', 'Индивидуальная', 'Консервативный', '{"TSLA": 30, "MSFT": 40, "DIS": 15, "NVDA": 7, "LLY": 8}', True, 0.2, 2.0, '{"IMOEX": 100}'),
('4db5604c-72b0-465a-84fe-a7dd26e8fb46', 'Ключ к Умножению', 'RUB', 'Регламентная', 'Консервативный', '{"PFE": 30, "PSX": 40, "NVDA": 15, "MRK": 7, "WMT": 8}', True, 0.7, 1.9, '{"IMOEX": 100}'),
('19b75197-9dae-4102-9fb0-4a3244fa5e1e', 'Мастер-План', 'RUB', 'Индивидуальная', 'Умеренный', '{"OXY": 30, "LLY": 40, "NFLX": 15, "NVDA": 7, "MRK": 8}', True, 0.9, 1.1, '{"IMOEX": 100}'),
('c4832222-1bcd-460b-b2cb-d259cf8248fb', 'На гребне Волны', 'RUB', 'Регламентная', 'Консервативный', '{"LLY": 30, "NFLX": 40, "GOOG": 15, "PFE": 7, "META": 8}', True, 0.3, 3.7, '{"IMOEX": 100}'),
('c542e5bd-91c6-4a71-b261-db89c723f561', 'Обогащение', 'EUR', 'Регламентная', 'Консервативный', '{"AAPL": 30, "LLY": 40, "META": 15, "OXY": 7, "PSX": 8}', True, 0.8, 2.8, '{"IMOEX": 100}'),
('37671367-3bb1-441f-b5b9-eeb07d1d3ccd', 'Оптимальный Выбор', 'USD', 'Индивидуальная', 'Рациональный', '{"GOOG": 30, "NVDA": 40, "TSLA": 15, "OXY": 7, "MSFT": 8}', True, 0.9, 2.8, '{"IMOEX": 100}'),
('67db2944-bcc5-40ef-956f-c70e6d8331e2', 'Погоня за Прибылью', 'EUR', 'Индивидуальная', 'Умеренный', '{"META": 30, "PFE": 40, "WMT": 15, "OXY": 7, "LLY": 8}', True, 0.9, 3.7, '{"IMOEX": 100}'),
('4e84afb4-6372-40a9-9d96-5f02f10f59cc', 'Путь к Процветанию', 'EUR', 'Индивидуальная', 'Агрессивный', '{"MSFT": 30, "LLY": 40, "AAPL": 15, "NVDA": 7, "PSX": 8}', True, 0.3, 1.0, '{"IMOEX": 100}'),
('a681593e-3303-4a76-8a90-1e98eb4de4b3', 'Рост и Развитие', 'USD', 'Регламентная', 'Агрессивный', '{"AMZN": 30, "PSX": 40, "NFLX": 15, "AAPL": 7, "MSFT": 8}', True, 0.4, 3.2, '{"IMOEX": 100}'),
('5624b459-4f40-402f-84f4-005a9f104f06', 'Рыночный Взрыв', 'EUR', 'Индивидуальная', 'Умеренный', '{"META": 30, "AAPL": 40, "GOOG": 15, "PSX": 7, "LLY": 8}', True, 0.3, 4.8, '{"IMOEX": 100}'),
('ddbc7777-2ab2-40aa-89d0-9603f723e23c', 'Секрет Инвестора', 'EUR', 'Индивидуальная', 'Консервативный', '{"DIS": 30, "SPOT": 40, "AMZN": 15, "GOOG": 7, "GOOG": 8}', True, 0.3, 3.6, '{"IMOEX": 100}'),
('49b9cb75-9715-46da-afbd-ac6801e1d075', 'Сила Финансов', 'EUR', 'Регламентная', 'Агрессивный', '{"LLY": 30, "SPOT": 40, "LLY": 15, "MSFT": 7, "GOOG": 8}', True, 0.6, 4.2, '{"IMOEX": 100}'),
('75cc2224-e5fb-435c-a4d7-17e50aa36c8c', 'Смелый Шаг', 'RUB', 'Регламентная', 'Агрессивный', '{"DIS": 30, "PSX": 40, "OXY": 15, "NFLX": 7, "GOOG": 8}', True, 0.8, 4.0, '{"IMOEX": 100}'),
('331de465-36f3-4a59-afb0-7b558a28ec84', 'Создание Ценности', 'EUR', 'Индивидуальная', 'Консервативный', '{"PSX": 30, "PFE": 40, "TSLA": 15, "GOOG": 7, "TSLA": 8}', True, 0.6, 2.9, '{"IMOEX": 100}'),
('af7bdc02-9033-4155-a47a-7363252417f3', 'Стратегия Растущих Доходов', 'USD', 'Регламентная', 'Консервативный', '{"OXY": 30, "LLY": 40, "PSX": 15, "NVDA": 7, "MRK": 8}', True, 0.4, 4.6, '{"IMOEX": 100}'),
('a10fb78f-97fb-4fc1-8381-10e15872144b', 'Триумф Инвестора', 'USD', 'Регламентная', 'Умеренный', '{"MRK": 30, "MRK": 40, "PFE": 15, "PFE": 7, "LLY": 8}', True, 0.4, 3.3, '{"IMOEX": 100}'),
('bcb0863a-e944-4ab1-a050-224903946871', 'Устойчивый Рост', 'RUB', 'Индивидуальная', 'Консервативный', '{"GOOG": 30, "PFE": 40, "SPOT": 15, "OXY": 7, "META": 8}', True, 0.5, 2.0, '{"IMOEX": 100}'),
('20bc3e80-b14d-4960-90e2-0de048af6908', 'Финансовая Революция', 'EUR', 'Регламентная', 'Умеренный', '{"TSLA": 30, "PFE": 40, "LLY": 15, "OXY": 7, "AMZN": 8}', True, 0.7, 4.8, '{"IMOEX": 100}'),
('3f69df47-6710-46f6-a2d0-c23f2c655996', 'Формула Успеха', 'EUR', 'Регламентная', 'Рациональный', '{"MSFT": 30, "MSFT": 40, "TSLA": 15, "AMZN": 7, "NFLX": 8}', True, 0.5, 4.0, '{"IMOEX": 100}'),
('04797ce9-eaee-41b3-a309-29fd6164cabc', 'Хребет Капитала', 'EUR', 'Индивидуальная', 'Консервативный', '{"MSFT": 30, "MSFT": 40, "OXY": 15, "WMT": 7, "AAPL": 8}', True, 0.6, 4.3, '{"IMOEX": 100}'),
('429af3e2-e76e-4df9-9881-49ae82edf5d5', 'Ценные Вложения', 'USD', 'Индивидуальная', 'Умеренный', '{"AAPL": 30, "NVDA": 40, "LLY": 15, "PFE": 7, "OXY": 8}', True, 0.5, 3.2, '{"IMOEX": 100}'),
('a434ce90-fd70-4a8f-bde9-416de47caa24', 'Экономика Роста', 'RUB', 'Индивидуальная', 'Умеренный', '{"PSX": 30, "OXY": 40, "MRK": 15, "WMT": 7, "PFE": 8}', True, 0.7, 2.2, '{"IMOEX": 100}'),
('8ef6a2b1-d018-4a5c-959d-d5626e97200e', 'Эффективное Распределение', 'USD', 'Индивидуальная', 'Агрессивный', '{"MRK": 30, "TSLA": 40, "SPOT": 15, "AAPL": 7, "OXY": 8}', True, 0.6, 3.2, '{"IMOEX": 100}'),
('0909b9c7-ac08-4de6-9af6-bacbf9ee3e81', 'Ядро Прибыли', 'EUR', 'Регламентная', 'Консервативный', '{"MSFT": 30, "PFE": 40, "NFLX": 15, "MRK": 7, "OXY": 8}', True, 0.2, 4.9, '{"IMOEX": 100}'),
('37e789d7-7309-47e2-a6cc-422b84c2bd66', 'Активный Рост', 'USD', 'Регламентная', 'Умеренный', '{"PFE": 30, "TSLA": 40, "GOOG": 15, "NVDA": 7, "PFE": 8}', True, 0.4, 1.7, '{"IMOEX": 100}'),
('8fa460ec-6e07-45c2-b17c-8d57feadf7ad', 'Амбициозный Инвестор', 'RUB', 'Регламентная', 'Рациональный', '{"AAPL": 30, "SPOT": 40, "TSLA": 15, "AMZN": 7, "WMT": 8}', True, 0.2, 2.9, '{"IMOEX": 100}'),
('de951336-dc73-46ae-ac13-13840444a22d', 'Баланс Риска и Дохода', 'USD', 'Индивидуальная', 'Агрессивный', '{"LLY": 30, "META": 40, "PSX": 15, "AAPL": 7, "PSX": 8}', True, 0.4, 4.7, '{"IMOEX": 100}'),
('d90b8f8e-2c36-470b-b94b-458d092e02ce', 'Вершина Финансов', 'USD', 'Индивидуальная', 'Рациональный', '{"META": 30, "SPOT": 40, "MRK": 15, "WMT": 7, "PFE": 8}', True, 0.8, 3.6, '{"IMOEX": 100}'),
('7ff1a214-e49f-434e-9586-4e31483ad583', 'Вихрь Капитала', 'RUB', 'Индивидуальная', 'Агрессивный', '{"NFLX": 30, "SPOT": 40, "OXY": 15, "NFLX": 7, "SPOT": 8}', True, 0.8, 1.9, '{"IMOEX": 100}'),
('983fcb71-1f78-487d-a88b-3bc0bd5b411e', 'Волна Успеха', 'EUR', 'Индивидуальная', 'Рациональный', '{"TSLA": 30, "PSX": 40, "AAPL": 15, "GOOG": 7, "MSFT": 8}', True, 0.4, 3.0, '{"IMOEX": 100}'),
('58e4f82f-55c8-4e80-ba8f-747b80420072', 'Выгодная Инвестиция', 'USD', 'Индивидуальная', 'Консервативный', '{"NFLX": 30, "AMZN": 40, "WMT": 15, "WMT": 7, "WMT": 8}', True, 0.6, 4.6, '{"IMOEX": 100}'),
('dcb10e6e-0b1b-4ff5-a2a7-6131ece9fcc6', 'Гармония Финансов', 'RUB', 'Индивидуальная', 'Умеренный', '{"NFLX": 30, "OXY": 40, "MRK": 15, "AMZN": 7, "SPOT": 8}', True, 0.9, 2.3, '{"IMOEX": 100}'),
('51a7cd82-b841-4a6a-b169-a04008d4e15a', 'Глобальное Видение', 'RUB', 'Регламентная', 'Агрессивный', '{"AAPL": 30, "GOOG": 40, "META": 15, "TSLA": 7, "AMZN": 8}', True, 0.9, 3.3, '{"IMOEX": 100}'),
('878ed88b-634b-4cc3-951f-d806eb5592c2', 'Двойная Сила', 'USD', 'Индивидуальная', 'Рациональный', '{"PFE": 30, "NVDA": 40, "GOOG": 15, "NFLX": 7, "LLY": 8}', True, 0.3, 2.8, '{"IMOEX": 100}'),
('c9a0914c-79e0-4672-a836-51ead1c7dcc2', 'Доходный Путь', 'RUB', 'Регламентная', 'Умеренный', '{"TSLA": 30, "AMZN": 40, "META": 15, "MSFT": 7, "DIS": 8}', True, 0.5, 4.9, '{"IMOEX": 100}'),
('ea64d667-f798-4d36-bc72-3af8dfb40bea', 'Дорога к Богатству', 'RUB', 'Регламентная', 'Консервативный', '{"MSFT": 30, "SPOT": 40, "NFLX": 15, "WMT": 7, "MRK": 8}', True, 0.6, 4.5, '{"IMOEX": 100}'),
('3af28454-a956-4cb2-80ee-52371aba9410', 'Инвестор-Победитель', 'RUB', 'Регламентная', 'Агрессивный', '{"META": 30, "LLY": 40, "OXY": 15, "NFLX": 7, "DIS": 8}', True, 0.6, 4.0, '{"IMOEX": 100}'),
('9d212e10-09a2-42b5-9b25-7d607ed4d32e', 'Капитальный Взрыв', 'EUR', 'Регламентная', 'Умеренный', '{"NFLX": 30, "PSX": 40, "PFE": 15, "AAPL": 7, "NFLX": 8}', True, 0.5, 2.4, '{"IMOEX": 100}'),
('2bc3cf59-4884-48a5-bb11-2e86ed3d2012', 'Ключ к Успеху', 'EUR', 'Индивидуальная', 'Консервативный', '{"PSX": 30, "NFLX": 40, "WMT": 15, "GOOG": 7, "AMZN": 8}', True, 0.9, 2.2, '{"IMOEX": 100}'),
('d29e6aae-516b-4b4d-a6ad-a5d8836f3619', 'Концентрическая Экспансия', 'USD', 'Индивидуальная', 'Агрессивный', '{"GOOG": 30, "NFLX": 40, "AMZN": 15, "WMT": 7, "LLY": 8}', True, 0.4, 1.9, '{"IMOEX": 100}'),
('4968f5a4-ab2d-411a-a974-33a2570fab10', 'Максимальная Прибыль', 'USD', 'Регламентная', 'Рациональный', '{"TSLA": 30, "SPOT": 40, "META": 15, "LLY": 7, "PSX": 8}', True, 0.4, 2.8, '{"IMOEX": 100}'),
('4240c727-ef33-49bb-b246-780ac4ffec51', 'Мастерство Инвестиций', 'EUR', 'Индивидуальная', 'Рациональный', '{"TSLA": 30, "NVDA": 40, "NVDA": 15, "NVDA": 7, "NVDA": 8}', True, 0.1, 2.1, '{"IMOEX": 100}'),
('6bcbae4f-1016-4be5-bb6f-1a29849458e5', 'Многоуровневая Мощь', 'USD', 'Индивидуальная', 'Рациональный', '{"WMT": 30, "AMZN": 40, "NVDA": 15, "AAPL": 7, "OXY": 8}', True, 0.3, 2.0, '{"IMOEX": 100}'),
('1ee87839-632c-4298-9a70-6dcfd085e975', 'Неограниченный Доход', 'EUR', 'Регламентная', 'Агрессивный', '{"AAPL": 30, "MRK": 40, "META": 15, "WMT": 7, "NFLX": 8}', True, 0.1, 3.2, '{"IMOEX": 100}'),
('4beac273-8d69-47a2-82f2-622f7328e496', 'Новый Век Инвестиций', 'USD', 'Индивидуальная', 'Агрессивный', '{"AMZN": 30, "META": 40, "NVDA": 15, "MRK": 7, "META": 8}', True, 0.7, 4.5, '{"IMOEX": 100}'),
('fa6bd687-928f-4898-8185-e5b1164b68b7', 'Оптимизация Прибыли', 'EUR', 'Регламентная', 'Рациональный', '{"OXY": 30, "AMZN": 40, "SPOT": 15, "PSX": 7, "NFLX": 8}', True, 0.2, 1.5, '{"IMOEX": 100}'),
('ffa4b10d-bea5-48ab-8cbe-034a928f44d1', 'Перспективные Вложения', 'USD', 'Индивидуальная', 'Агрессивный', '{"NVDA": 30, "AMZN": 40, "MSFT": 15, "MRK": 7, "WMT": 8}', True, 0.3, 2.4, '{"IMOEX": 100}'),
('b05452c7-2114-4ee0-8176-d7395604e4f0', 'Поток Финансов', 'EUR', 'Регламентная', 'Рациональный', '{"DIS": 30, "WMT": 40, "AMZN": 15, "META": 7, "AAPL": 8}', True, 0.4, 1.8, '{"IMOEX": 100}'),
('675ea87e-ad1c-4915-a25f-c16bfb924a18', 'Прогрессивные Инвестиции', 'RUB', 'Регламентная', 'Умеренный', '{"AAPL": 30, "SPOT": 40, "PSX": 15, "GOOG": 7, "MSFT": 8}', True, 0.8, 2.8, '{"IMOEX": 100}'),
('ac670b96-e860-4d24-92df-5ab5f146f0ff', 'Путь к Финансовой Свободе', 'RUB', 'Регламентная', 'Умеренный', '{"NFLX": 30, "OXY": 40, "PSX": 15, "NFLX": 7, "NFLX": 8}', True, 0.4, 2.0, '{"IMOEX": 100}'),
('6befd359-b5a5-4c7c-9fc8-d9d140437be7', 'Рост и Процветание', 'RUB', 'Регламентная', 'Рациональный', '{"WMT": 30, "WMT": 40, "AMZN": 15, "AMZN": 7, "NVDA": 8}', True, 0.4, 3.8, '{"IMOEX": 100}'),
('54e1839e-f05b-4d03-b4e1-7d222bd58dba', 'Рыночная Динамика', 'EUR', 'Индивидуальная', 'Консервативный', '{"PSX": 30, "WMT": 40, "META": 15, "AAPL": 7, "DIS": 8}', True, 0.4, 3.6, '{"IMOEX": 100}'),
('70068a27-fbb2-4a62-b77e-5926e5319305', 'Сила Эффективных Инвестиций', 'RUB', 'Индивидуальная', 'Агрессивный', '{"PSX": 30, "PFE": 40, "PFE": 15, "TSLA": 7, "PFE": 8}', True, 0.7, 4.9, '{"IMOEX": 100}'),
('4a8c07d0-e62f-4e58-89f4-b5f89ad49d09', 'Смелые Решения', 'EUR', 'Регламентная', 'Консервативный', '{"META": 30, "DIS": 40, "AAPL": 15, "TSLA": 7, "OXY": 8}', True, 0.3, 4.5, '{"IMOEX": 100}'),
('fcacd915-efc0-4ddb-802d-eeb376a576fb', 'Созидательный Инвестор', 'RUB', 'Регламентная', 'Рациональный', '{"NVDA": 30, "PFE": 40, "PFE": 15, "META": 7, "PSX": 8}', True, 0.6, 2.5, '{"IMOEX": 100}'),
('195eb7a5-ef0f-40d6-8a14-0204404d7241', 'Стабильность и Рост', 'RUB', 'Регламентная', 'Рациональный', '{"META": 30, "WMT": 40, "TSLA": 15, "MSFT": 7, "AMZN": 8}', True, 0.3, 2.3, '{"IMOEX": 100}'),
('95ba6e10-f43e-4bcb-8c4a-11f0c4e2df1a', 'Стратегический Инвестор', 'USD', 'Индивидуальная', 'Агрессивный', '{"OXY": 30, "WMT": 40, "LLY": 15, "TSLA": 7, "MSFT": 8}', True, 0.3, 1.3, '{"IMOEX": 100}'),
('dfdf63a3-a5ec-4a30-b104-08cd533832fe', 'Тайная Формула', 'EUR', 'Регламентная', 'Агрессивный', '{"DIS": 30, "NFLX": 40, "NFLX": 15, "NFLX": 7, "PSX": 8}', True, 0.2, 4.6, '{"IMOEX": 100}'),
('9c489c59-187b-42e4-a61c-5cd7159f3caa', 'Триумф Финансов', 'USD', 'Индивидуальная', 'Умеренный', '{"MSFT": 30, "AMZN": 40, "LLY": 15, "PSX": 7, "AMZN": 8}', True, 0.6, 2.7, '{"IMOEX": 100}'),
('bf6e5e74-dd3d-46ec-a4f6-e9b2a5ca938e', 'Уверенный Рост', 'EUR', 'Индивидуальная', 'Агрессивный', '{"NFLX": 30, "SPOT": 40, "OXY": 15, "OXY": 7, "NVDA": 8}', True, 0.5, 1.4, '{"IMOEX": 100}'),
('4251c65c-9246-403a-9b17-c83ec42fc4ce', 'Финансовая Гибкость', 'USD', 'Индивидуальная', 'Агрессивный', '{"MSFT": 30, "DIS": 40, "LLY": 15, "LLY": 7, "WMT": 8}', True, 0.3, 2.1, '{"IMOEX": 100}'),
('e98cbf17-d3f2-4993-b542-e45f2cb19373', 'Финансовый Вихрь', 'USD', 'Регламентная', 'Умеренный', '{"LLY": 30, "MSFT": 40, "DIS": 15, "DIS": 7, "GOOG": 8}', True, 0.2, 2.2, '{"IMOEX": 100}'),
('facad65c-eb6a-43bf-b9fb-09b5b848593e', 'Фортуна на Сторону', 'EUR', 'Регламентная', 'Умеренный', '{"NVDA": 30, "MRK": 40, "TSLA": 15, "NVDA": 7, "PFE": 8}', True, 0.4, 1.6, '{"IMOEX": 100}'),
('a89a129b-88fc-4a4b-ab8a-d3d379b87efe', 'Центр Прибыли', 'EUR', 'Индивидуальная', 'Агрессивный', '{"TSLA": 30, "NFLX": 40, "LLY": 15, "SPOT": 7, "AAPL": 8}', True, 0.6, 4.7, '{"IMOEX": 100}'),
('2f47bda8-bc1b-42c0-a364-0d5a36f5bfcd', 'Энергия Финансов', 'EUR', 'Индивидуальная', 'Рациональный', '{"PFE": 30, "PFE": 40, "DIS": 15, "DIS": 7, "WMT": 8}', True, 0.5, 2.5, '{"IMOEX": 100}'),
('90482558-a942-41b9-9d83-7cd6349c12eb', 'Эффективный Рост', 'EUR', 'Регламентная', 'Консервативный', '{"NVDA": 30, "NVDA": 40, "NVDA": 15, "OXY": 7, "GOOG": 8}', True, 0.6, 3.0, '{"IMOEX": 100}'),
('a4ce421e-36d2-49e0-af80-9a6ccb425250', 'Ясный Путь', 'USD', 'Регламентная', 'Умеренный', '{"GOOG": 30, "MSFT": 40, "DIS": 15, "NFLX": 7, "TSLA": 8}', True, 0.8, 2.3, '{"IMOEX": 100}'),
('e23352c4-aa70-4b36-8519-dff8d1742101', 'Авантюрный Инвестор', 'EUR', 'Индивидуальная', 'Рациональный', '{"SPOT": 30, "OXY": 40, "MRK": 15, "OXY": 7, "AMZN": 8}', True, 0.5, 1.9, '{"IMOEX": 100}'),
('54893f74-68f6-4df2-ab1c-7ee06555f417', 'Взлет к Вершине', 'USD', 'Регламентная', 'Рациональный', '{"TSLA": 30, "PFE": 40, "AAPL": 15, "GOOG": 7, "WMT": 8}', True, 0.1, 1.5, '{"IMOEX": 100}'),
('73b1b8d5-ca44-4978-8d58-bcf021a33238', 'Волшебство Финансов', 'RUB', 'Индивидуальная', 'Агрессивный', '{"NVDA": 30, "LLY": 40, "PFE": 15, "NVDA": 7, "AAPL": 8}', True, 0.3, 3.8, '{"IMOEX": 100}'),
('03c7c005-9d92-4686-8a1e-6e740c0473bc', 'Глобальный Взрыв', 'USD', 'Индивидуальная', 'Агрессивный', '{"MSFT": 30, "TSLA": 40, "NFLX": 15, "META": 7, "OXY": 8}', True, 0.3, 3.6, '{"IMOEX": 100}'),
('3ff48b89-83e2-4e62-a1b5-9e209219ee9d', 'Идеальная Инвестиция', 'EUR', 'Индивидуальная', 'Рациональный', '{"GOOG": 30, "OXY": 40, "PFE": 15, "OXY": 7, "MRK": 8}', True, 0.5, 4.8, '{"IMOEX": 100}'),
('d1d28cd5-0ba9-443e-891f-b9c56a8baa23', 'Инвестор с Большой Буквы', 'EUR', 'Индивидуальная', 'Умеренный', '{"MRK": 30, "PSX": 40, "TSLA": 15, "MSFT": 7, "MRK": 8}', True, 0.1, 4.3, '{"IMOEX": 100}'),
('46c29e2e-e434-442a-a75f-c73859835a2a', 'Ключ к Будущему', 'RUB', 'Индивидуальная', 'Консервативный', '{"NFLX": 30, "GOOG": 40, "AMZN": 15, "DIS": 7, "TSLA": 8}', True, 0.8, 5.0, '{"IMOEX": 100}'),
('36eb0438-4735-4326-b58b-d897ee52225f', 'Мощь Диверсифицированных Инвестиций', 'RUB', 'Регламентная', 'Умеренный', '{"AAPL": 30, "LLY": 40, "MRK": 15, "PFE": 7, "PSX": 8}', True, 0.8, 1.8, '{"IMOEX": 100}') ON CONFLICT DO NOTHING;

INSERT INTO public.portfolio (account, customer_id, strategy_id, asset_manager, creation_date, updated) VALUES
('344712MY', '871c78be-d220-4743-bfca-dd46276e9f25', '49b9cb75-9715-46da-afbd-ac6801e1d075', 'c8d7c40b-1ba0-4d95-8e9d-d4727917db66', '2024-01-05', False),
('253075TU', '6fa33ee7-f73c-4092-bbd0-a46912f3d685', '4db5604c-72b0-465a-84fe-a7dd26e8fb46', 'eae4ebcc-fdf7-4812-809c-9851e5a98a92', '2024-01-05', False),
('702341BN', 'dff98c06-a5c8-4cc6-9f5e-8c46c887f63b', '878ed88b-634b-4cc3-951f-d806eb5592c2', '52d2462f-c4f3-4423-a4b1-3c032ecefadb', '2024-01-05', False),
('342302ZA', '871c78be-d220-4743-bfca-dd46276e9f25', '58e4f82f-55c8-4e80-ba8f-747b80420072', 'eae4ebcc-fdf7-4812-809c-9851e5a98a92', '2024-01-05', False),
('939714XL', 'a0fc2676-ee9b-40ff-9606-a49a8cbf2994', '5bc008ef-3891-4283-bcae-243575662e59', '553c7101-b49c-49ff-a470-9b8d60591b3b', '2024-01-05', False),
('160511VW', 'cb528861-72cd-4152-b846-902519a50cba', '73b1b8d5-ca44-4978-8d58-bcf021a33238', 'c8d7c40b-1ba0-4d95-8e9d-d4727917db66', '2024-01-05', False),
('264490LC', '2340ce04-3982-4c6e-b77d-090c4336698e', '3ff48b89-83e2-4e62-a1b5-9e209219ee9d', 'e2893e3f-624a-46c1-85f1-60f24b4d717d', '2024-01-05', False),
('930233GC', '8dcecd32-af47-495d-a05e-39ba0e6c8823', 'af7bdc02-9033-4155-a47a-7363252417f3', 'eae4ebcc-fdf7-4812-809c-9851e5a98a92', '2024-01-05', False),
('883689GZ', 'a2e73b89-6033-4216-a91f-654346a7017d', '675ea87e-ad1c-4915-a25f-c16bfb924a18', '553c7101-b49c-49ff-a470-9b8d60591b3b', '2024-01-05', False),
('121186DW', '593bbff7-fc6a-44fa-9c57-64a1af3e5be9', '429af3e2-e76e-4df9-9881-49ae82edf5d5', 'ada06422-e499-46dd-8a45-5ef46c5bb1ea', '2024-01-05', False),
('421121ES', 'df627554-c73f-49e6-a4eb-e6994979504a', 'e98cbf17-d3f2-4993-b542-e45f2cb19373', 'e2893e3f-624a-46c1-85f1-60f24b4d717d', '2024-01-05', False),
('224625KL', '820f6d0d-7352-4d12-afcc-e452a9ad7ae0', '1293d4b8-3da9-4adb-87a7-3e8cd5b83dd8', '553c7101-b49c-49ff-a470-9b8d60591b3b', '2024-01-05', False),
('759626LJ', 'e9effe89-12d6-40b2-9e5a-b5950ea4980d', '3c5ea9b1-7fa8-4335-a25a-85663ad591f5', '553c7101-b49c-49ff-a470-9b8d60591b3b', '2024-01-05', False),
('744914AF', 'ff22117e-e629-40da-9e66-cd72a181b007', '19b75197-9dae-4102-9fb0-4a3244fa5e1e', 'c8d7c40b-1ba0-4d95-8e9d-d4727917db66', '2024-01-05', False),
('747740TF', 'fbae3cad-af18-4efe-b1a5-15e2bd5f1b07', 'fcacd915-efc0-4ddb-802d-eeb376a576fb', 'eb98c089-c386-4c2c-86c3-8671417dc8bc', '2024-01-05', False),
('389653CY', '90b1c14a-dc3c-4b74-b96f-60ed0f60f383', '58e4f82f-55c8-4e80-ba8f-747b80420072', 'c8d7c40b-1ba0-4d95-8e9d-d4727917db66', '2024-01-05', False),
('166291ZH', 'f6efae57-a078-4831-b8bb-59bfecd0e736', 'aaa0d938-5788-474a-944e-00f3c1d790bb', 'ada06422-e499-46dd-8a45-5ef46c5bb1ea', '2024-01-05', False),
('784963PS', '9f5b953f-84fd-476b-9f51-eaf295ad7b5e', '4a8c07d0-e62f-4e58-89f4-b5f89ad49d09', 'ada06422-e499-46dd-8a45-5ef46c5bb1ea', '2024-01-05', False),
('698521MR', 'b3a1d7e0-fe2e-46db-a1ee-e178572545e9', '46c29e2e-e434-442a-a75f-c73859835a2a', 'c8d7c40b-1ba0-4d95-8e9d-d4727917db66', '2024-01-05', False),
('665628IM', 'f1a2f56c-f32e-4532-a3a8-7fbc4441e962', '6d2042ee-8ff0-4e5a-9690-b308c71f32ea', 'eae4ebcc-fdf7-4812-809c-9851e5a98a92', '2024-01-05', False),
('175330QH', '73e499bd-1017-46d4-ae0b-ab01e7d02a55', 'a10fb78f-97fb-4fc1-8381-10e15872144b', '52d2462f-c4f3-4423-a4b1-3c032ecefadb', '2024-01-05', False),
('496556XP', '476e0250-7eb2-49cf-9551-5ea36c6ecbf6', 'ac670b96-e860-4d24-92df-5ab5f146f0ff', 'a613cf7f-2ee2-44d7-8e4e-ee664028da9d', '2024-01-05', False),
('637467VP', '247f7b87-2777-453f-8c7d-e0d604b83e6f', '54e1839e-f05b-4d03-b4e1-7d222bd58dba', 'e2893e3f-624a-46c1-85f1-60f24b4d717d', '2024-01-05', False),
('781334MY', '2cfb8be2-c941-4bc3-9a8f-4ba742dd77a9', 'b05452c7-2114-4ee0-8176-d7395604e4f0', 'f919c7a1-ffda-4368-9a70-79c81fe1280a', '2024-01-05', False),
('502727MG', '1be7b9db-dbed-401c-8702-02f4f330edb1', '2fc0114b-a39e-4f38-8a4e-d5003ba96d1d', 'eb98c089-c386-4c2c-86c3-8671417dc8bc', '2024-01-05', False),
('895004MV', '2cfb8be2-c941-4bc3-9a8f-4ba742dd77a9', 'ac670b96-e860-4d24-92df-5ab5f146f0ff', 'c8d7c40b-1ba0-4d95-8e9d-d4727917db66', '2024-01-05', False),
('616934AE', '358fea42-c441-43b1-a306-898019211d0c', '19b75197-9dae-4102-9fb0-4a3244fa5e1e', 'ada06422-e499-46dd-8a45-5ef46c5bb1ea', '2024-01-05', False),
('165157QJ', '720b9477-2867-4c3a-ae5a-ab5e5664744a', '2bc3cf59-4884-48a5-bb11-2e86ed3d2012', 'c8d7c40b-1ba0-4d95-8e9d-d4727917db66', '2024-01-05', False),
('972980CR', '6fddffba-376c-4459-aa36-31fca134d515', '3ec870c2-6c16-4110-b185-4b1a64eb3da1', 'eb98c089-c386-4c2c-86c3-8671417dc8bc', '2024-01-05', False),
('585608RU', 'c2d5281f-f71c-4ec7-8615-b4408afd8680', 'aaa0d938-5788-474a-944e-00f3c1d790bb', 'a613cf7f-2ee2-44d7-8e4e-ee664028da9d', '2024-01-05', False),
('869843EB', 'ad8c914e-aea3-4ee7-9816-02c43722521b', 'b05452c7-2114-4ee0-8176-d7395604e4f0', 'c8d7c40b-1ba0-4d95-8e9d-d4727917db66', '2024-01-05', False),
('190856YS', '48e6a00d-6451-4509-ae27-94c3cf321b68', 'ddbc7777-2ab2-40aa-89d0-9603f723e23c', 'eb98c089-c386-4c2c-86c3-8671417dc8bc', '2024-01-05', False),
('540559CJ', '9f5b953f-84fd-476b-9f51-eaf295ad7b5e', '51a7cd82-b841-4a6a-b169-a04008d4e15a', 'e2893e3f-624a-46c1-85f1-60f24b4d717d', '2024-01-05', False),
('791147YH', '5f68a60b-2723-43c5-824e-f4b92cabc684', 'c9a0914c-79e0-4672-a836-51ead1c7dcc2', 'eae4ebcc-fdf7-4812-809c-9851e5a98a92', '2024-01-05', False),
('478480AZ', 'fbae3cad-af18-4efe-b1a5-15e2bd5f1b07', '73b1b8d5-ca44-4978-8d58-bcf021a33238', 'e2893e3f-624a-46c1-85f1-60f24b4d717d', '2024-01-05', False),
('927391WM', 'ec1cd365-da23-4170-8c0f-efc12d85013a', '2bc3cf59-4884-48a5-bb11-2e86ed3d2012', 'eae4ebcc-fdf7-4812-809c-9851e5a98a92', '2024-01-05', False),
('832006QD', 'facf33e2-f178-4123-bf1b-f02c2a0e7bb2', 'a434ce90-fd70-4a8f-bde9-416de47caa24', 'eae4ebcc-fdf7-4812-809c-9851e5a98a92', '2024-01-05', False),
('159685UC', '6edc7463-df41-4745-a77e-6cfdbc3b1048', '0909b9c7-ac08-4de6-9af6-bacbf9ee3e81', 'ada06422-e499-46dd-8a45-5ef46c5bb1ea', '2024-01-05', False),
('202718OU', '9c82c321-6068-491f-adfe-37e45fec429d', '1293d4b8-3da9-4adb-87a7-3e8cd5b83dd8', '52d2462f-c4f3-4423-a4b1-3c032ecefadb', '2024-01-05', False),
('710472XZ', 'bee724fc-f217-4cdf-a746-a54a896cd5f7', 'b05452c7-2114-4ee0-8176-d7395604e4f0', 'c8d7c40b-1ba0-4d95-8e9d-d4727917db66', '2024-01-05', False),
('297918JL', 'b5b9c5e3-185c-4761-83fc-1f14b8b66c88', '04797ce9-eaee-41b3-a309-29fd6164cabc', '553c7101-b49c-49ff-a470-9b8d60591b3b', '2024-01-05', False),
('865227WB', '5f3c33a5-1a17-4271-aa68-9b27937b289b', 'e698d5c5-755d-48c8-9bc7-0b6b0760bd47', 'ada06422-e499-46dd-8a45-5ef46c5bb1ea', '2024-01-05', False),
('630242FW', '786a037b-136d-4cc3-bc14-c8157d48f0f3', 'e98cbf17-d3f2-4993-b542-e45f2cb19373', 'eb98c089-c386-4c2c-86c3-8671417dc8bc', '2024-01-05', False),
('384875ZM', 'cb528861-72cd-4152-b846-902519a50cba', 'd90b8f8e-2c36-470b-b94b-458d092e02ce', 'f919c7a1-ffda-4368-9a70-79c81fe1280a', '2024-01-05', False),
('454489AA', '4fb45925-ce53-4588-bb7f-814eead8e5e1', 'dc475456-2b15-4270-8bdb-3810ed94062d', 'eb98c089-c386-4c2c-86c3-8671417dc8bc', '2024-01-05', False),
('175907LJ', 'c4bfb934-5c80-4517-ab40-3340f5a8f80c', '67db2944-bcc5-40ef-956f-c70e6d8331e2', 'e2893e3f-624a-46c1-85f1-60f24b4d717d', '2024-01-05', False),
('944167MM', 'a893b457-7ef5-477c-9aa1-374b4e1fbd55', '4e84afb4-6372-40a9-9d96-5f02f10f59cc', '52d2462f-c4f3-4423-a4b1-3c032ecefadb', '2024-01-05', False),
('271420EK', '8d9bb5b1-af77-48ce-aebb-8d3bbd4670a3', '51a7cd82-b841-4a6a-b169-a04008d4e15a', 'c8d7c40b-1ba0-4d95-8e9d-d4727917db66', '2024-01-05', False),
('990962PI', 'e8b0faaa-adf5-4054-a775-0f111e75036f', '3f69df47-6710-46f6-a2d0-c23f2c655996', 'f919c7a1-ffda-4368-9a70-79c81fe1280a', '2024-01-05', False),
('461644AB', '5a149fd9-6e2f-4ea1-986b-ced099e4557d', '93a03740-8124-4a12-ae95-65bbf63f9d37', 'f919c7a1-ffda-4368-9a70-79c81fe1280a', '2024-01-05', False),
('625773OE', 'bed4255a-7ce3-4f84-ad61-a1a54a62c72c', '95ba6e10-f43e-4bcb-8c4a-11f0c4e2df1a', 'c8d7c40b-1ba0-4d95-8e9d-d4727917db66', '2024-01-05', False),
('444694VH', 'c4bfb934-5c80-4517-ab40-3340f5a8f80c', 'ad382c1f-bf9d-4de7-bf1f-3b2e998e6c3b', 'e2893e3f-624a-46c1-85f1-60f24b4d717d', '2024-01-05', False),
('745387HQ', 'f06073d2-7d6f-441d-b2d3-fb7229641510', '75cc2224-e5fb-435c-a4d7-17e50aa36c8c', 'f919c7a1-ffda-4368-9a70-79c81fe1280a', '2024-01-05', False),
('298791NR', 'e8b0faaa-adf5-4054-a775-0f111e75036f', '93a03740-8124-4a12-ae95-65bbf63f9d37', 'a613cf7f-2ee2-44d7-8e4e-ee664028da9d', '2024-01-05', False),
('595123JY', 'b2da9a14-0096-4d53-96c4-d28ff62d3222', 'aaa0d938-5788-474a-944e-00f3c1d790bb', 'e2893e3f-624a-46c1-85f1-60f24b4d717d', '2024-01-05', False),
('222872ZL', 'a632c84e-fe43-4be7-a2a2-eefeb701803e', '03c7c005-9d92-4686-8a1e-6e740c0473bc', 'eae4ebcc-fdf7-4812-809c-9851e5a98a92', '2024-01-05', False),
('772828JD', 'a4306c4f-5639-4546-ad4f-b3074df5c108', '3c5ea9b1-7fa8-4335-a25a-85663ad591f5', 'ada06422-e499-46dd-8a45-5ef46c5bb1ea', '2024-01-05', False),
('975305UZ', '4b5205d1-ef2c-4ff3-b209-dda083fa6507', '7fd54e34-abfb-4e47-8a96-53b0b98dea5f', '52d2462f-c4f3-4423-a4b1-3c032ecefadb', '2024-01-05', False),
('264448BW', 'b60c3344-2aab-48db-8f3b-08e1a14a303f', 'c4c157ef-5dc9-46b8-8db0-fa5b72d43e57', 'a613cf7f-2ee2-44d7-8e4e-ee664028da9d', '2024-01-05', False),
('414430TT', 'b5b9c5e3-185c-4761-83fc-1f14b8b66c88', 'ddbc7777-2ab2-40aa-89d0-9603f723e23c', '52d2462f-c4f3-4423-a4b1-3c032ecefadb', '2024-01-05', False),
('758429RR', 'bee724fc-f217-4cdf-a746-a54a896cd5f7', '93b19ecc-772b-4af2-bc3c-2b3f1325c4ce', '52d2462f-c4f3-4423-a4b1-3c032ecefadb', '2024-01-05', False),
('769885BA', '286fa3e0-9eed-44ac-8c1c-e4397a2cd185', '93a03740-8124-4a12-ae95-65bbf63f9d37', '52d2462f-c4f3-4423-a4b1-3c032ecefadb', '2024-01-05', False),
('366642WJ', 'f267fd08-ffde-4797-b9be-538eb11ec7d6', '49b9cb75-9715-46da-afbd-ac6801e1d075', 'e2893e3f-624a-46c1-85f1-60f24b4d717d', '2024-01-05', False),
('452330AN', '698e0990-fe75-47a3-99d1-1b0e959d6242', '67db2944-bcc5-40ef-956f-c70e6d8331e2', 'eae4ebcc-fdf7-4812-809c-9851e5a98a92', '2024-01-05', False),
('622003OL', 'c917368d-ff65-409f-9d03-a42a7f615e04', 'fa6bd687-928f-4898-8185-e5b1164b68b7', 'eae4ebcc-fdf7-4812-809c-9851e5a98a92', '2024-01-05', False),
('595224XW', '1425d53c-a9ae-4e51-bdf8-03a238dd7c30', '4e84afb4-6372-40a9-9d96-5f02f10f59cc', 'eae4ebcc-fdf7-4812-809c-9851e5a98a92', '2024-01-05', False),
('577854CU', '208233ee-e98b-4d78-934d-7585feb82170', '989e14c5-c39f-40ee-ac8c-69d0ac3cfecb', 'f919c7a1-ffda-4368-9a70-79c81fe1280a', '2024-01-05', False),
('207081NQ', '593bbff7-fc6a-44fa-9c57-64a1af3e5be9', '0909b9c7-ac08-4de6-9af6-bacbf9ee3e81', 'ada06422-e499-46dd-8a45-5ef46c5bb1ea', '2024-01-05', False),
('756294DX', '0dea9c9e-f44f-400b-be37-afc0c27bf3de', '03c7c005-9d92-4686-8a1e-6e740c0473bc', 'ada06422-e499-46dd-8a45-5ef46c5bb1ea', '2024-01-05', False),
('875216UO', 'b63f1481-4868-4ad9-ba28-16afd8b84878', '7ff1a214-e49f-434e-9586-4e31483ad583', 'f919c7a1-ffda-4368-9a70-79c81fe1280a', '2024-01-05', False),
('199995IL', 'a0fc2676-ee9b-40ff-9606-a49a8cbf2994', '37e789d7-7309-47e2-a6cc-422b84c2bd66', '553c7101-b49c-49ff-a470-9b8d60591b3b', '2024-01-05', False),
('449115WB', 'facf33e2-f178-4123-bf1b-f02c2a0e7bb2', '7ff1a214-e49f-434e-9586-4e31483ad583', 'f919c7a1-ffda-4368-9a70-79c81fe1280a', '2024-01-05', False),
('643844ZI', '4b5205d1-ef2c-4ff3-b209-dda083fa6507', '95ba6e10-f43e-4bcb-8c4a-11f0c4e2df1a', 'eae4ebcc-fdf7-4812-809c-9851e5a98a92', '2024-01-05', False),
('263245UW', 'f70d35ad-9efc-4173-a8bd-c8ac91cafc77', '49b9cb75-9715-46da-afbd-ac6801e1d075', 'f919c7a1-ffda-4368-9a70-79c81fe1280a', '2024-01-05', False),
('815945IY', 'bb80110e-0f7f-4a46-801a-15033b251a48', '36eb0438-4735-4326-b58b-d897ee52225f', 'eb98c089-c386-4c2c-86c3-8671417dc8bc', '2024-01-05', False),
('679758TW', '476e0250-7eb2-49cf-9551-5ea36c6ecbf6', '46c29e2e-e434-442a-a75f-c73859835a2a', 'ada06422-e499-46dd-8a45-5ef46c5bb1ea', '2024-01-05', False),
('448996SK', 'e9effe89-12d6-40b2-9e5a-b5950ea4980d', '7ff1a214-e49f-434e-9586-4e31483ad583', 'eb98c089-c386-4c2c-86c3-8671417dc8bc', '2024-01-05', False),
('584275WB', '208233ee-e98b-4d78-934d-7585feb82170', '4240c727-ef33-49bb-b246-780ac4ffec51', 'a613cf7f-2ee2-44d7-8e4e-ee664028da9d', '2024-01-05', False),
('132735XE', '0168afdf-1a8e-431e-9345-3b23968d5751', '2fc0114b-a39e-4f38-8a4e-d5003ba96d1d', 'a613cf7f-2ee2-44d7-8e4e-ee664028da9d', '2024-01-05', False),
('623668YM', '9b6e2e03-b50a-4a3d-89ad-23f84950a748', '1293d4b8-3da9-4adb-87a7-3e8cd5b83dd8', '52d2462f-c4f3-4423-a4b1-3c032ecefadb', '2024-01-05', False),
('265597MW', 'c8329444-9f24-4698-ad9a-154b12f20294', '4e84afb4-6372-40a9-9d96-5f02f10f59cc', '553c7101-b49c-49ff-a470-9b8d60591b3b', '2024-01-05', False),
('596231IX', 'd528386c-ae5d-4f45-9f6f-db3889b603e5', '37e789d7-7309-47e2-a6cc-422b84c2bd66', '52d2462f-c4f3-4423-a4b1-3c032ecefadb', '2024-01-05', False),
('873944QC', 'b60c3344-2aab-48db-8f3b-08e1a14a303f', '1293d4b8-3da9-4adb-87a7-3e8cd5b83dd8', 'eb98c089-c386-4c2c-86c3-8671417dc8bc', '2024-01-05', False),
('231885DT', '695da21c-17fe-4e08-8c83-a9e28f81b1a6', 'ea64d667-f798-4d36-bc72-3af8dfb40bea', '553c7101-b49c-49ff-a470-9b8d60591b3b', '2024-01-05', False),
('866523DQ', '39cfb05a-999c-4a22-affa-e7795ab64aff', 'b05452c7-2114-4ee0-8176-d7395604e4f0', 'a613cf7f-2ee2-44d7-8e4e-ee664028da9d', '2024-01-05', False),
('629287KC', '81190d4a-6197-42fc-aaaa-72e3d3bea45b', '37671367-3bb1-441f-b5b9-eeb07d1d3ccd', '52d2462f-c4f3-4423-a4b1-3c032ecefadb', '2024-01-05', False),
('498873WJ', 'bb80110e-0f7f-4a46-801a-15033b251a48', '54e1839e-f05b-4d03-b4e1-7d222bd58dba', '553c7101-b49c-49ff-a470-9b8d60591b3b', '2024-01-05', False),
('832536NV', '9f5b953f-84fd-476b-9f51-eaf295ad7b5e', '2fc0114b-a39e-4f38-8a4e-d5003ba96d1d', 'eb98c089-c386-4c2c-86c3-8671417dc8bc', '2024-01-05', False),
('397806ZC', '48e6a00d-6451-4509-ae27-94c3cf321b68', '983fcb71-1f78-487d-a88b-3bc0bd5b411e', 'ada06422-e499-46dd-8a45-5ef46c5bb1ea', '2024-01-05', False),
('117977WT', '7ae50cf0-8cb0-4578-a107-4c28355730b0', 'f4fc5628-3c31-4800-b84e-e42fd00141ef', 'c8d7c40b-1ba0-4d95-8e9d-d4727917db66', '2024-01-05', False),
('960679VF', 'b3a1d7e0-fe2e-46db-a1ee-e178572545e9', '20bc3e80-b14d-4960-90e2-0de048af6908', 'c8d7c40b-1ba0-4d95-8e9d-d4727917db66', '2024-01-05', False),
('740754OJ', 'a1c70ead-0ef6-4cd4-89df-3b6840a7bcaf', '46c29e2e-e434-442a-a75f-c73859835a2a', 'ada06422-e499-46dd-8a45-5ef46c5bb1ea', '2024-01-05', False),
('589707OC', 'c8329444-9f24-4698-ad9a-154b12f20294', 'fa6bd687-928f-4898-8185-e5b1164b68b7', 'ada06422-e499-46dd-8a45-5ef46c5bb1ea', '2024-01-05', False),
('712319GT', '9b840664-ae7a-4372-9751-650fdc7ad93c', 'ea64d667-f798-4d36-bc72-3af8dfb40bea', 'eae4ebcc-fdf7-4812-809c-9851e5a98a92', '2024-01-05', False),
('611054EW', 'f267fd08-ffde-4797-b9be-538eb11ec7d6', '5624b459-4f40-402f-84f4-005a9f104f06', 'e2893e3f-624a-46c1-85f1-60f24b4d717d', '2024-01-05', False),
('424235VB', '35253153-bd56-4be5-a0e9-e787111991f0', '70068a27-fbb2-4a62-b77e-5926e5319305', 'ada06422-e499-46dd-8a45-5ef46c5bb1ea', '2024-01-05', False),
('695363JV', 'a07e647c-5c00-406b-92b4-26d39fbf7104', 'dcb10e6e-0b1b-4ff5-a2a7-6131ece9fcc6', 'a613cf7f-2ee2-44d7-8e4e-ee664028da9d', '2024-01-05', False),
('587535FC', '73e499bd-1017-46d4-ae0b-ab01e7d02a55', '4e84afb4-6372-40a9-9d96-5f02f10f59cc', 'eb98c089-c386-4c2c-86c3-8671417dc8bc', '2024-01-05', False),
('813434EC', '247f7b87-2777-453f-8c7d-e0d604b83e6f', '0909b9c7-ac08-4de6-9af6-bacbf9ee3e81', 'ada06422-e499-46dd-8a45-5ef46c5bb1ea', '2024-01-05', False),
('959700RP', '4d2774e8-f689-4b37-a0da-530c782474f8', 'ac670b96-e860-4d24-92df-5ab5f146f0ff', '52d2462f-c4f3-4423-a4b1-3c032ecefadb', '2024-01-05', False),
('377778BO', '71d4433c-6509-4a18-ba7c-b35fc7dcb506', '9c489c59-187b-42e4-a61c-5cd7159f3caa', 'a613cf7f-2ee2-44d7-8e4e-ee664028da9d', '2024-01-05', False),
('455984BD', '89522f95-cc86-4c02-aeb0-6bdffeb09a2d', '3ec870c2-6c16-4110-b185-4b1a64eb3da1', 'f919c7a1-ffda-4368-9a70-79c81fe1280a', '2024-01-05', False),
('527671WU', '78e6f192-fec0-48f5-9d90-30e3a1c74217', 'c4c157ef-5dc9-46b8-8db0-fa5b72d43e57', 'c8d7c40b-1ba0-4d95-8e9d-d4727917db66', '2024-01-05', False),
('791890NZ', 'c8329444-9f24-4698-ad9a-154b12f20294', '54e1839e-f05b-4d03-b4e1-7d222bd58dba', 'e2893e3f-624a-46c1-85f1-60f24b4d717d', '2024-01-05', False),
('380291IE', 'a787384e-6860-4d5e-a573-39354294c853', 'd29e6aae-516b-4b4d-a6ad-a5d8836f3619', 'e2893e3f-624a-46c1-85f1-60f24b4d717d', '2024-01-05', False),
('742154QE', '640e1acd-ea00-4f77-971e-947233073a8a', 'af7bdc02-9033-4155-a47a-7363252417f3', 'eb98c089-c386-4c2c-86c3-8671417dc8bc', '2024-01-05', False),
('932671YA', 'd944cc07-c714-461a-a8d8-aaad7b1ca0dd', '5624b459-4f40-402f-84f4-005a9f104f06', '52d2462f-c4f3-4423-a4b1-3c032ecefadb', '2024-01-05', False),
('878721PT', 'f6efae57-a078-4831-b8bb-59bfecd0e736', '73b0251a-e881-409c-bbff-8ca71ccf9889', '52d2462f-c4f3-4423-a4b1-3c032ecefadb', '2024-01-05', False),
('115609SN', '2c9a124a-41ab-468c-834e-4da2beb87ad0', '4e84afb4-6372-40a9-9d96-5f02f10f59cc', 'e2893e3f-624a-46c1-85f1-60f24b4d717d', '2024-01-05', False),
('430936LZ', '2473b65b-66c7-4ee3-aa34-7db8b174bc61', 'bf6e5e74-dd3d-46ec-a4f6-e9b2a5ca938e', 'eb98c089-c386-4c2c-86c3-8671417dc8bc', '2024-01-05', False),
('237344PA', '31902578-7ab5-4660-97f0-2c2b4706f220', '6d2042ee-8ff0-4e5a-9690-b308c71f32ea', 'eae4ebcc-fdf7-4812-809c-9851e5a98a92', '2024-01-05', False),
('397415CT', 'b3a1d7e0-fe2e-46db-a1ee-e178572545e9', 'ea64d667-f798-4d36-bc72-3af8dfb40bea', 'eae4ebcc-fdf7-4812-809c-9851e5a98a92', '2024-01-05', False),
('278021BK', 'f06073d2-7d6f-441d-b2d3-fb7229641510', '93b19ecc-772b-4af2-bc3c-2b3f1325c4ce', 'c8d7c40b-1ba0-4d95-8e9d-d4727917db66', '2024-01-05', False),
('823971XL', '5c8cda39-0164-430a-9c1b-a0c343669eb7', 'b05452c7-2114-4ee0-8176-d7395604e4f0', 'a613cf7f-2ee2-44d7-8e4e-ee664028da9d', '2024-01-05', False),
('200414JB', 'bcecf43c-390d-49cd-b7bb-f1ae238f65d7', '983fcb71-1f78-487d-a88b-3bc0bd5b411e', 'eb98c089-c386-4c2c-86c3-8671417dc8bc', '2024-01-05', False),
('841113TS', '820f6d0d-7352-4d12-afcc-e452a9ad7ae0', 'e98cbf17-d3f2-4993-b542-e45f2cb19373', '553c7101-b49c-49ff-a470-9b8d60591b3b', '2024-01-05', False),
('418722VB', 'bcecf43c-390d-49cd-b7bb-f1ae238f65d7', '67db2944-bcc5-40ef-956f-c70e6d8331e2', 'eb98c089-c386-4c2c-86c3-8671417dc8bc', '2024-01-05', False),
('519974CZ', '358fea42-c441-43b1-a306-898019211d0c', '4251c65c-9246-403a-9b17-c83ec42fc4ce', 'f919c7a1-ffda-4368-9a70-79c81fe1280a', '2024-01-05', False),
('709537XH', '656207eb-0844-4f88-97b1-e9ef6b3555cd', '75cc2224-e5fb-435c-a4d7-17e50aa36c8c', 'ada06422-e499-46dd-8a45-5ef46c5bb1ea', '2024-01-05', False),
('949321TW', '2e4cba6b-8f3e-4080-944d-e954bc4ccbe1', '4240c727-ef33-49bb-b246-780ac4ffec51', '553c7101-b49c-49ff-a470-9b8d60591b3b', '2024-01-05', False),
('778590KM', 'ee08e35c-7648-4ace-97c4-f7a6855d851d', '20bc3e80-b14d-4960-90e2-0de048af6908', 'a613cf7f-2ee2-44d7-8e4e-ee664028da9d', '2024-01-05', False),
('263756LG', '19957a79-917b-4fa5-b628-2d53e8de61fa', '4240c727-ef33-49bb-b246-780ac4ffec51', 'f919c7a1-ffda-4368-9a70-79c81fe1280a', '2024-01-05', False),
('872936BI', '1fa59668-fe60-44b5-8765-a17578564a09', 'c4832222-1bcd-460b-b2cb-d259cf8248fb', 'eae4ebcc-fdf7-4812-809c-9851e5a98a92', '2024-01-05', False),
('207412XW', 'e2a08781-73ad-4051-8abb-bb6159a2e76f', '675ea87e-ad1c-4915-a25f-c16bfb924a18', 'ada06422-e499-46dd-8a45-5ef46c5bb1ea', '2024-01-05', False),
('258664QA', '358fea42-c441-43b1-a306-898019211d0c', 'bf6e5e74-dd3d-46ec-a4f6-e9b2a5ca938e', 'e2893e3f-624a-46c1-85f1-60f24b4d717d', '2024-01-05', False),
('776553GQ', '1be7b9db-dbed-401c-8702-02f4f330edb1', '26aad405-77ff-4dc5-a89d-159513c9ff7c', 'a613cf7f-2ee2-44d7-8e4e-ee664028da9d', '2024-01-05', False),
('388046LW', '829d4b69-245c-4e22-b4d1-11e7f8ff3757', '4beac273-8d69-47a2-82f2-622f7328e496', 'eb98c089-c386-4c2c-86c3-8671417dc8bc', '2024-01-05', False),
('610965EM', '9c82c321-6068-491f-adfe-37e45fec429d', 'f4fc5628-3c31-4800-b84e-e42fd00141ef', 'c8d7c40b-1ba0-4d95-8e9d-d4727917db66', '2024-01-05', False),
('293460PC', '2340ce04-3982-4c6e-b77d-090c4336698e', 'dc475456-2b15-4270-8bdb-3810ed94062d', '553c7101-b49c-49ff-a470-9b8d60591b3b', '2024-01-05', False),
('207813ZF', '24a905a0-38c3-4406-af12-3c7d44fab731', '04797ce9-eaee-41b3-a309-29fd6164cabc', '553c7101-b49c-49ff-a470-9b8d60591b3b', '2024-01-05', False),
('378070NE', 'e9effe89-12d6-40b2-9e5a-b5950ea4980d', 'b05452c7-2114-4ee0-8176-d7395604e4f0', 'c8d7c40b-1ba0-4d95-8e9d-d4727917db66', '2024-01-05', False),
('330539ND', '46db04f6-9c7e-44d7-968d-068c4cd4fb63', 'ac670b96-e860-4d24-92df-5ab5f146f0ff', 'eb98c089-c386-4c2c-86c3-8671417dc8bc', '2024-01-05', False),
('930430ZQ', 'cb528861-72cd-4152-b846-902519a50cba', 'e23352c4-aa70-4b36-8519-dff8d1742101', 'f919c7a1-ffda-4368-9a70-79c81fe1280a', '2024-01-05', False),
('733529BF', 'dca564c4-a66a-418f-a05b-b28e051d21c5', 'e23352c4-aa70-4b36-8519-dff8d1742101', '553c7101-b49c-49ff-a470-9b8d60591b3b', '2024-01-05', False),
('630013MD', 'a893b457-7ef5-477c-9aa1-374b4e1fbd55', 'b05452c7-2114-4ee0-8176-d7395604e4f0', 'e2893e3f-624a-46c1-85f1-60f24b4d717d', '2024-01-05', False),
('360645SJ', '8dcecd32-af47-495d-a05e-39ba0e6c8823', '6bcc2e93-bc5d-4613-a34b-03550b88093c', '553c7101-b49c-49ff-a470-9b8d60591b3b', '2024-01-05', False),
('914431NK', 'c917368d-ff65-409f-9d03-a42a7f615e04', '429af3e2-e76e-4df9-9881-49ae82edf5d5', 'e2893e3f-624a-46c1-85f1-60f24b4d717d', '2024-01-05', False),
('942602XW', '767d761e-36c6-4320-8fd4-f89031dfe95d', 'e698d5c5-755d-48c8-9bc7-0b6b0760bd47', 'f919c7a1-ffda-4368-9a70-79c81fe1280a', '2024-01-05', False),
('961633WK', '720b9477-2867-4c3a-ae5a-ab5e5664744a', 'dc475456-2b15-4270-8bdb-3810ed94062d', '553c7101-b49c-49ff-a470-9b8d60591b3b', '2024-01-05', False),
('973464ZD', 'b16d86ca-65ed-4e8d-8144-51da12007ed4', '5bc008ef-3891-4283-bcae-243575662e59', 'e2893e3f-624a-46c1-85f1-60f24b4d717d', '2024-01-05', False),
('919075WB', '0dea9c9e-f44f-400b-be37-afc0c27bf3de', '04797ce9-eaee-41b3-a309-29fd6164cabc', '52d2462f-c4f3-4423-a4b1-3c032ecefadb', '2024-01-05', False),
('467258WK', '24a905a0-38c3-4406-af12-3c7d44fab731', '429af3e2-e76e-4df9-9881-49ae82edf5d5', 'f919c7a1-ffda-4368-9a70-79c81fe1280a', '2024-01-05', False),
('166678XY', 'a2e73b89-6033-4216-a91f-654346a7017d', 'ac670b96-e860-4d24-92df-5ab5f146f0ff', 'ada06422-e499-46dd-8a45-5ef46c5bb1ea', '2024-01-05', False),
('180652HH', 'b389e46a-9db3-4af9-a714-094b52d61bc6', '4968f5a4-ab2d-411a-a974-33a2570fab10', 'ada06422-e499-46dd-8a45-5ef46c5bb1ea', '2024-01-05', False),
('653232EE', 'e8b0faaa-adf5-4054-a775-0f111e75036f', '195eb7a5-ef0f-40d6-8a14-0204404d7241', 'c8d7c40b-1ba0-4d95-8e9d-d4727917db66', '2024-01-05', False),
('662354QA', 'b9a0faf5-1849-4dd6-a3bd-8a48fa6ccd42', '73b0251a-e881-409c-bbff-8ca71ccf9889', 'eae4ebcc-fdf7-4812-809c-9851e5a98a92', '2024-01-05', False),
('591859ZY', 'fc903c50-aeec-4e8c-ac8f-adb9ce7b95ef', 'c9a0914c-79e0-4672-a836-51ead1c7dcc2', 'eb98c089-c386-4c2c-86c3-8671417dc8bc', '2024-01-05', False),
('700691WI', '9b6e2e03-b50a-4a3d-89ad-23f84950a748', '67db2944-bcc5-40ef-956f-c70e6d8331e2', '553c7101-b49c-49ff-a470-9b8d60591b3b', '2024-01-05', False),
('993385FB', 'c7a2e079-44ab-4c0b-acbc-8fde563faa71', '8fa460ec-6e07-45c2-b17c-8d57feadf7ad', 'eae4ebcc-fdf7-4812-809c-9851e5a98a92', '2024-01-05', False),
('621341FD', 'fbae3cad-af18-4efe-b1a5-15e2bd5f1b07', '1293d4b8-3da9-4adb-87a7-3e8cd5b83dd8', 'f919c7a1-ffda-4368-9a70-79c81fe1280a', '2024-01-05', False),
('865429GL', 'fb401f33-e067-472d-8f7b-f9c1ac278aea', '4240c727-ef33-49bb-b246-780ac4ffec51', '52d2462f-c4f3-4423-a4b1-3c032ecefadb', '2024-01-05', False),
('948072DJ', '2473b65b-66c7-4ee3-aa34-7db8b174bc61', '989e14c5-c39f-40ee-ac8c-69d0ac3cfecb', 'e2893e3f-624a-46c1-85f1-60f24b4d717d', '2024-01-05', False),
('320159GJ', 'f267fd08-ffde-4797-b9be-538eb11ec7d6', '4968f5a4-ab2d-411a-a974-33a2570fab10', 'c8d7c40b-1ba0-4d95-8e9d-d4727917db66', '2024-01-05', False),
('571921JI', '433b5036-5acd-4fe0-a006-e56b91efd824', '4968f5a4-ab2d-411a-a974-33a2570fab10', '553c7101-b49c-49ff-a470-9b8d60591b3b', '2024-01-05', False),
('149940FB', '4d2774e8-f689-4b37-a0da-530c782474f8', 'bcb0863a-e944-4ab1-a050-224903946871', 'e2893e3f-624a-46c1-85f1-60f24b4d717d', '2024-01-05', False),
('241593XL', '031869fe-8770-4de4-9173-edcfd753e1b0', 'bcb0863a-e944-4ab1-a050-224903946871', 'a613cf7f-2ee2-44d7-8e4e-ee664028da9d', '2024-01-05', False),
('226021GL', '1be7b9db-dbed-401c-8702-02f4f330edb1', '4251c65c-9246-403a-9b17-c83ec42fc4ce', 'eb98c089-c386-4c2c-86c3-8671417dc8bc', '2024-01-05', False),
('283467PO', 'c0aa5b83-caed-40aa-bba2-0a85f81e845b', '8ef6a2b1-d018-4a5c-959d-d5626e97200e', 'f919c7a1-ffda-4368-9a70-79c81fe1280a', '2024-01-05', False),
('316077XS', 'a893b457-7ef5-477c-9aa1-374b4e1fbd55', 'd90b8f8e-2c36-470b-b94b-458d092e02ce', 'f919c7a1-ffda-4368-9a70-79c81fe1280a', '2024-01-05', False),
('930046NP', 'df627554-c73f-49e6-a4eb-e6994979504a', 'ddbc7777-2ab2-40aa-89d0-9603f723e23c', 'f919c7a1-ffda-4368-9a70-79c81fe1280a', '2024-01-05', False),
('393836DW', '03338e3d-25e2-48a2-bb5c-a4d6e6dfb581', 'ddbc7777-2ab2-40aa-89d0-9603f723e23c', '52d2462f-c4f3-4423-a4b1-3c032ecefadb', '2024-01-05', False),
('910576CU', 'a0fc2676-ee9b-40ff-9606-a49a8cbf2994', 'd8ec1aec-beb1-4789-9f23-dbbd00619ee6', 'f919c7a1-ffda-4368-9a70-79c81fe1280a', '2024-01-05', False),
('235546EN', '208233ee-e98b-4d78-934d-7585feb82170', '98f6f47b-3096-4d34-9fa8-3a6d09202164', 'f919c7a1-ffda-4368-9a70-79c81fe1280a', '2024-01-05', False),
('284524SY', '7ae50cf0-8cb0-4578-a107-4c28355730b0', '2bc3cf59-4884-48a5-bb11-2e86ed3d2012', 'c8d7c40b-1ba0-4d95-8e9d-d4727917db66', '2024-01-05', False),
('807358CI', 'dca564c4-a66a-418f-a05b-b28e051d21c5', '3af28454-a956-4cb2-80ee-52371aba9410', 'eae4ebcc-fdf7-4812-809c-9851e5a98a92', '2024-01-05', False),
('485986QD', 'a07e647c-5c00-406b-92b4-26d39fbf7104', 'ea64d667-f798-4d36-bc72-3af8dfb40bea', '52d2462f-c4f3-4423-a4b1-3c032ecefadb', '2024-01-05', False),
('338276TF', '5c8cda39-0164-430a-9c1b-a0c343669eb7', '70068a27-fbb2-4a62-b77e-5926e5319305', 'e2893e3f-624a-46c1-85f1-60f24b4d717d', '2024-01-05', False),
('691170CK', 'e8ed2fff-3090-4c18-8c0c-d7ecaec89c2c', '93b19ecc-772b-4af2-bc3c-2b3f1325c4ce', 'ada06422-e499-46dd-8a45-5ef46c5bb1ea', '2024-01-05', False),
('160501WR', '9c8f6525-feb7-4ccb-abc1-11bb4070ea70', '67db2944-bcc5-40ef-956f-c70e6d8331e2', '52d2462f-c4f3-4423-a4b1-3c032ecefadb', '2024-01-05', False),
('125382SM', 'ea605099-410c-48a0-864a-e1289a39c178', '6d2042ee-8ff0-4e5a-9690-b308c71f32ea', 'ada06422-e499-46dd-8a45-5ef46c5bb1ea', '2024-01-05', False),
('752229PO', 'bb80110e-0f7f-4a46-801a-15033b251a48', 'dc475456-2b15-4270-8bdb-3810ed94062d', 'e2893e3f-624a-46c1-85f1-60f24b4d717d', '2024-01-05', False),
('246908JA', '4d2774e8-f689-4b37-a0da-530c782474f8', 'a4ce421e-36d2-49e0-af80-9a6ccb425250', 'eae4ebcc-fdf7-4812-809c-9851e5a98a92', '2024-01-05', False),
('468282YV', '03338e3d-25e2-48a2-bb5c-a4d6e6dfb581', 'ad382c1f-bf9d-4de7-bf1f-3b2e998e6c3b', '553c7101-b49c-49ff-a470-9b8d60591b3b', '2024-01-05', False),
('321318PJ', '7dcae5b1-a270-409b-badf-d0a543c581d7', '6bcc2e93-bc5d-4613-a34b-03550b88093c', '52d2462f-c4f3-4423-a4b1-3c032ecefadb', '2024-01-05', False),
('423085XF', 'f64baab6-c80c-45aa-a11f-409bd1539601', '73b0251a-e881-409c-bbff-8ca71ccf9889', 'ada06422-e499-46dd-8a45-5ef46c5bb1ea', '2024-01-05', False),
('350642RG', 'd528386c-ae5d-4f45-9f6f-db3889b603e5', '54893f74-68f6-4df2-ab1c-7ee06555f417', '553c7101-b49c-49ff-a470-9b8d60591b3b', '2024-01-05', False),
('617311ID', '2e4cba6b-8f3e-4080-944d-e954bc4ccbe1', '0909b9c7-ac08-4de6-9af6-bacbf9ee3e81', '52d2462f-c4f3-4423-a4b1-3c032ecefadb', '2024-01-05', False),
('273807DI', '48e6a00d-6451-4509-ae27-94c3cf321b68', '16020ebe-5030-4059-a4d0-05f151b1bb53', 'c8d7c40b-1ba0-4d95-8e9d-d4727917db66', '2024-01-05', False),
('394552KD', '1be7b9db-dbed-401c-8702-02f4f330edb1', 'ffa4b10d-bea5-48ab-8cbe-034a928f44d1', '553c7101-b49c-49ff-a470-9b8d60591b3b', '2024-01-05', False),
('109329IU', '12ea3d01-7d6a-45c9-b9b5-a03e13db2e08', '4beac273-8d69-47a2-82f2-622f7328e496', '553c7101-b49c-49ff-a470-9b8d60591b3b', '2024-01-05', False),
('523890XG', 'c319ee19-b942-4f48-a3bb-07ed1eb2172a', '7fd54e34-abfb-4e47-8a96-53b0b98dea5f', 'eae4ebcc-fdf7-4812-809c-9851e5a98a92', '2024-01-05', False),
('894528MP', '67762591-3280-42f2-bae2-bad8b6933f2d', '9c489c59-187b-42e4-a61c-5cd7159f3caa', 'f919c7a1-ffda-4368-9a70-79c81fe1280a', '2024-01-05', False),
('186818WJ', '3e9f2f44-723c-467b-9b25-02255ebd40bc', 'a10fb78f-97fb-4fc1-8381-10e15872144b', 'eae4ebcc-fdf7-4812-809c-9851e5a98a92', '2024-01-05', False),
('674469GS', 'b16d86ca-65ed-4e8d-8144-51da12007ed4', 'e98cbf17-d3f2-4993-b542-e45f2cb19373', 'c8d7c40b-1ba0-4d95-8e9d-d4727917db66', '2024-01-05', False),
('697101MI', 'a235787b-94f2-4be6-b05f-ad47d3fd1b5e', 'd90b8f8e-2c36-470b-b94b-458d092e02ce', 'e2893e3f-624a-46c1-85f1-60f24b4d717d', '2024-01-05', False),
('198482NT', 'b63f1481-4868-4ad9-ba28-16afd8b84878', '73b1b8d5-ca44-4978-8d58-bcf021a33238', 'c8d7c40b-1ba0-4d95-8e9d-d4727917db66', '2024-01-05', False),
('414283NJ', 'bed4255a-7ce3-4f84-ad61-a1a54a62c72c', '8ef6a2b1-d018-4a5c-959d-d5626e97200e', 'f919c7a1-ffda-4368-9a70-79c81fe1280a', '2024-01-05', False),
('932592IW', '7ee2b022-1aa4-471d-97cc-54b15d02a459', '58e4f82f-55c8-4e80-ba8f-747b80420072', 'a613cf7f-2ee2-44d7-8e4e-ee664028da9d', '2024-01-05', False),
('807215GR', 'b5b9c5e3-185c-4761-83fc-1f14b8b66c88', 'b05452c7-2114-4ee0-8176-d7395604e4f0', '553c7101-b49c-49ff-a470-9b8d60591b3b', '2024-01-05', False),
('223326FG', '4fb45925-ce53-4588-bb7f-814eead8e5e1', '93a03740-8124-4a12-ae95-65bbf63f9d37', '52d2462f-c4f3-4423-a4b1-3c032ecefadb', '2024-01-05', False),
('981034GN', 'a632c84e-fe43-4be7-a2a2-eefeb701803e', '0909b9c7-ac08-4de6-9af6-bacbf9ee3e81', '52d2462f-c4f3-4423-a4b1-3c032ecefadb', '2024-01-05', False),
('486786YC', '4e795e11-7c2e-4544-a208-3c1681ce2053', 'bf6e5e74-dd3d-46ec-a4f6-e9b2a5ca938e', '52d2462f-c4f3-4423-a4b1-3c032ecefadb', '2024-01-05', False),
('335453RB', 'c8329444-9f24-4698-ad9a-154b12f20294', 'af7bdc02-9033-4155-a47a-7363252417f3', 'a613cf7f-2ee2-44d7-8e4e-ee664028da9d', '2024-01-05', False),
('700664OS', '0c8a1a54-edc9-482d-ae7a-78b0bbc4584d', 'aaa0d938-5788-474a-944e-00f3c1d790bb', 'c8d7c40b-1ba0-4d95-8e9d-d4727917db66', '2024-01-05', False),
('817011QM', 'a316dbb2-5e2f-46fc-a6ec-9d65523f3a73', '4beac273-8d69-47a2-82f2-622f7328e496', 'e2893e3f-624a-46c1-85f1-60f24b4d717d', '2024-01-05', False),
('741218JW', '6fddffba-376c-4459-aa36-31fca134d515', 'e23352c4-aa70-4b36-8519-dff8d1742101', 'eb98c089-c386-4c2c-86c3-8671417dc8bc', '2024-01-05', False),
('811172UJ', 'aa960f05-aca8-4708-a316-c3cb60bdb4a8', 'bf6e5e74-dd3d-46ec-a4f6-e9b2a5ca938e', '553c7101-b49c-49ff-a470-9b8d60591b3b', '2024-01-05', False),
('873149WN', '89522f95-cc86-4c02-aeb0-6bdffeb09a2d', '1293d4b8-3da9-4adb-87a7-3e8cd5b83dd8', '553c7101-b49c-49ff-a470-9b8d60591b3b', '2024-01-05', False),
('683998OU', '70586034-54f0-461d-abab-e0722590bb5e', 'a434ce90-fd70-4a8f-bde9-416de47caa24', 'e2893e3f-624a-46c1-85f1-60f24b4d717d', '2024-01-05', False),
('648093NT', '3b359210-1468-4528-969c-6c156fbca4f4', '2f47bda8-bc1b-42c0-a364-0d5a36f5bfcd', '52d2462f-c4f3-4423-a4b1-3c032ecefadb', '2024-01-05', False),
('132958VV', '0dea9c9e-f44f-400b-be37-afc0c27bf3de', '51a7cd82-b841-4a6a-b169-a04008d4e15a', 'e2893e3f-624a-46c1-85f1-60f24b4d717d', '2024-01-05', False),
('661601KS', 'c0aa5b83-caed-40aa-bba2-0a85f81e845b', '58e4f82f-55c8-4e80-ba8f-747b80420072', '52d2462f-c4f3-4423-a4b1-3c032ecefadb', '2024-01-05', False),
('705052CC', '8eeffc98-385f-4fcd-9afa-e78794b112cb', '51a7cd82-b841-4a6a-b169-a04008d4e15a', '52d2462f-c4f3-4423-a4b1-3c032ecefadb', '2024-01-05', False),
('234753MP', 'f6a06b17-68fa-4a77-ab52-c769a38ccc32', '4240c727-ef33-49bb-b246-780ac4ffec51', 'c8d7c40b-1ba0-4d95-8e9d-d4727917db66', '2024-01-05', False),
('148401FM', '4d2774e8-f689-4b37-a0da-530c782474f8', '3ec870c2-6c16-4110-b185-4b1a64eb3da1', '52d2462f-c4f3-4423-a4b1-3c032ecefadb', '2024-01-05', False),
('824320WB', '9b6e2e03-b50a-4a3d-89ad-23f84950a748', 'ccfd85ee-6687-4d7e-a442-4c06dcaf302f', 'eb98c089-c386-4c2c-86c3-8671417dc8bc', '2024-01-05', False),
('954988PK', '81190d4a-6197-42fc-aaaa-72e3d3bea45b', '3ec870c2-6c16-4110-b185-4b1a64eb3da1', 'eb98c089-c386-4c2c-86c3-8671417dc8bc', '2024-01-05', False),
('965390GW', '24482edd-71a8-4381-b635-07cd6649b82f', 'dc475456-2b15-4270-8bdb-3810ed94062d', 'e2893e3f-624a-46c1-85f1-60f24b4d717d', '2024-01-05', False),
('255634TZ', '698e0990-fe75-47a3-99d1-1b0e959d6242', '73b1b8d5-ca44-4978-8d58-bcf021a33238', 'c8d7c40b-1ba0-4d95-8e9d-d4727917db66', '2024-01-05', False),
('930063WP', 'b2da9a14-0096-4d53-96c4-d28ff62d3222', '19b75197-9dae-4102-9fb0-4a3244fa5e1e', 'eb98c089-c386-4c2c-86c3-8671417dc8bc', '2024-01-05', False),
('429117DG', '6195cd45-562f-4b0e-b1c9-9b1c90372916', '3f69df47-6710-46f6-a2d0-c23f2c655996', 'eae4ebcc-fdf7-4812-809c-9851e5a98a92', '2024-01-05', False),
('948650TG', 'a787384e-6860-4d5e-a573-39354294c853', 'd8ec1aec-beb1-4789-9f23-dbbd00619ee6', 'f919c7a1-ffda-4368-9a70-79c81fe1280a', '2024-01-05', False),
('406751ZV', 'c8329444-9f24-4698-ad9a-154b12f20294', '2f47bda8-bc1b-42c0-a364-0d5a36f5bfcd', '52d2462f-c4f3-4423-a4b1-3c032ecefadb', '2024-01-05', False),
('849150TS', '4f602725-3271-4cba-8191-552744a789c4', '3ff48b89-83e2-4e62-a1b5-9e209219ee9d', 'a613cf7f-2ee2-44d7-8e4e-ee664028da9d', '2024-01-05', False),
('207247FO', '593bbff7-fc6a-44fa-9c57-64a1af3e5be9', '6bcbae4f-1016-4be5-bb6f-1a29849458e5', 'c8d7c40b-1ba0-4d95-8e9d-d4727917db66', '2024-01-05', False),
('985085SW', '74d4d2a0-40c3-4066-a73e-477a14faf343', '3ec870c2-6c16-4110-b185-4b1a64eb3da1', 'eae4ebcc-fdf7-4812-809c-9851e5a98a92', '2024-01-05', False),
('951058FU', '70586034-54f0-461d-abab-e0722590bb5e', '989e14c5-c39f-40ee-ac8c-69d0ac3cfecb', 'eb98c089-c386-4c2c-86c3-8671417dc8bc', '2024-01-05', False),
('199616MF', '640e1acd-ea00-4f77-971e-947233073a8a', '58e4f82f-55c8-4e80-ba8f-747b80420072', 'eb98c089-c386-4c2c-86c3-8671417dc8bc', '2024-01-05', False),
('602401OB', '9b30881a-5b17-413d-9cfa-ab52deb537d9', '37e789d7-7309-47e2-a6cc-422b84c2bd66', 'e2893e3f-624a-46c1-85f1-60f24b4d717d', '2024-01-05', False),
('534345UL', '39cfb05a-999c-4a22-affa-e7795ab64aff', '7fd54e34-abfb-4e47-8a96-53b0b98dea5f', '553c7101-b49c-49ff-a470-9b8d60591b3b', '2024-01-05', False),
('490938BS', '3b359210-1468-4528-969c-6c156fbca4f4', '73b1b8d5-ca44-4978-8d58-bcf021a33238', 'f919c7a1-ffda-4368-9a70-79c81fe1280a', '2024-01-05', False),
('781870MW', 'a235787b-94f2-4be6-b05f-ad47d3fd1b5e', '93a03740-8124-4a12-ae95-65bbf63f9d37', 'ada06422-e499-46dd-8a45-5ef46c5bb1ea', '2024-01-05', False),
('808314ZM', '80b2a236-6ed8-4b8b-9ae8-b1ae22424901', 'ad382c1f-bf9d-4de7-bf1f-3b2e998e6c3b', '52d2462f-c4f3-4423-a4b1-3c032ecefadb', '2024-01-05', False),
('865587TI', 'c2d5281f-f71c-4ec7-8615-b4408afd8680', 'a434ce90-fd70-4a8f-bde9-416de47caa24', '553c7101-b49c-49ff-a470-9b8d60591b3b', '2024-01-05', False),
('595387LC', '83d192f7-aeab-46aa-80a0-f2a4deb1ce3f', '95ba6e10-f43e-4bcb-8c4a-11f0c4e2df1a', 'f919c7a1-ffda-4368-9a70-79c81fe1280a', '2024-01-05', False),
('958045NX', '5cf12963-94ca-4704-9030-2da0e4000b62', '7fd54e34-abfb-4e47-8a96-53b0b98dea5f', 'a613cf7f-2ee2-44d7-8e4e-ee664028da9d', '2024-01-05', False),
('377500VN', 'b389e46a-9db3-4af9-a714-094b52d61bc6', 'fa6bd687-928f-4898-8185-e5b1164b68b7', 'eb98c089-c386-4c2c-86c3-8671417dc8bc', '2024-01-05', False),
('264575QC', '3bf5f21e-eb73-4eac-baf4-b3f0b1ae5e9b', '989e14c5-c39f-40ee-ac8c-69d0ac3cfecb', 'f919c7a1-ffda-4368-9a70-79c81fe1280a', '2024-01-05', False),
('601178WK', '3e9f2f44-723c-467b-9b25-02255ebd40bc', '36eb0438-4735-4326-b58b-d897ee52225f', 'f919c7a1-ffda-4368-9a70-79c81fe1280a', '2024-01-05', False),
('457865DZ', '786a037b-136d-4cc3-bc14-c8157d48f0f3', '4beac273-8d69-47a2-82f2-622f7328e496', 'f919c7a1-ffda-4368-9a70-79c81fe1280a', '2024-01-05', False),
('994380HA', 'a235787b-94f2-4be6-b05f-ad47d3fd1b5e', '6befd359-b5a5-4c7c-9fc8-d9d140437be7', 'c8d7c40b-1ba0-4d95-8e9d-d4727917db66', '2024-01-05', False),
('870340AX', '03338e3d-25e2-48a2-bb5c-a4d6e6dfb581', '4968f5a4-ab2d-411a-a974-33a2570fab10', 'eae4ebcc-fdf7-4812-809c-9851e5a98a92', '2024-01-05', False),
('277551VW', 'bb80110e-0f7f-4a46-801a-15033b251a48', '2fc0114b-a39e-4f38-8a4e-d5003ba96d1d', 'c8d7c40b-1ba0-4d95-8e9d-d4727917db66', '2024-01-05', False),
('212291MB', 'c1fe7e33-e233-4c5e-bff0-49cca6abe16b', '331de465-36f3-4a59-afb0-7b558a28ec84', '52d2462f-c4f3-4423-a4b1-3c032ecefadb', '2024-01-05', False),
('932968AO', '39cfb05a-999c-4a22-affa-e7795ab64aff', 'a4ce421e-36d2-49e0-af80-9a6ccb425250', 'eb98c089-c386-4c2c-86c3-8671417dc8bc', '2024-01-05', False),
('890670MZ', 'c439f497-2bcc-4fc9-8ea8-ebb69af847a4', 'f7ea2c1c-ef49-4db7-8a7f-ada76685e104', 'ada06422-e499-46dd-8a45-5ef46c5bb1ea', '2024-01-05', False),
('907062EY', '3bf5f21e-eb73-4eac-baf4-b3f0b1ae5e9b', 'e98cbf17-d3f2-4993-b542-e45f2cb19373', '553c7101-b49c-49ff-a470-9b8d60591b3b', '2024-01-05', False),
('696647FO', '871c78be-d220-4743-bfca-dd46276e9f25', '9d212e10-09a2-42b5-9b25-7d607ed4d32e', 'ada06422-e499-46dd-8a45-5ef46c5bb1ea', '2024-01-05', False),
('970218SG', 'fc903c50-aeec-4e8c-ac8f-adb9ce7b95ef', '54e1839e-f05b-4d03-b4e1-7d222bd58dba', 'f919c7a1-ffda-4368-9a70-79c81fe1280a', '2024-01-05', False),
('940751SA', 'da72df8e-ff82-4a89-9b16-1ba7721f0896', 'de951336-dc73-46ae-ac13-13840444a22d', '52d2462f-c4f3-4423-a4b1-3c032ecefadb', '2024-01-05', False),
('539511OY', '476e0250-7eb2-49cf-9551-5ea36c6ecbf6', 'f7ea2c1c-ef49-4db7-8a7f-ada76685e104', 'f919c7a1-ffda-4368-9a70-79c81fe1280a', '2024-01-05', False),
('894866KI', '60102d99-ad3a-46f9-b7dd-2ebecc417314', 'a10fb78f-97fb-4fc1-8381-10e15872144b', 'f919c7a1-ffda-4368-9a70-79c81fe1280a', '2024-01-05', False),
('253045DF', '4e2ec306-db7a-4f87-9750-219815caa4b0', 'e23352c4-aa70-4b36-8519-dff8d1742101', '553c7101-b49c-49ff-a470-9b8d60591b3b', '2024-01-05', False),
('647336TB', '4d2774e8-f689-4b37-a0da-530c782474f8', '675ea87e-ad1c-4915-a25f-c16bfb924a18', 'c8d7c40b-1ba0-4d95-8e9d-d4727917db66', '2024-01-05', False),
('359262DS', '871c78be-d220-4743-bfca-dd46276e9f25', 'ddbc7777-2ab2-40aa-89d0-9603f723e23c', 'c8d7c40b-1ba0-4d95-8e9d-d4727917db66', '2024-01-05', False),
('682830QF', '6edc7463-df41-4745-a77e-6cfdbc3b1048', '90482558-a942-41b9-9d83-7cd6349c12eb', 'e2893e3f-624a-46c1-85f1-60f24b4d717d', '2024-01-05', False),
('924298MD', 'b50d2b9e-d53f-421a-9c6d-e6ac3ecdcebb', '1ee87839-632c-4298-9a70-6dcfd085e975', 'f919c7a1-ffda-4368-9a70-79c81fe1280a', '2024-01-05', False),
('126930EY', '820f6d0d-7352-4d12-afcc-e452a9ad7ae0', '75cc2224-e5fb-435c-a4d7-17e50aa36c8c', 'f919c7a1-ffda-4368-9a70-79c81fe1280a', '2024-01-05', False),
('254592DR', 'f6efae57-a078-4831-b8bb-59bfecd0e736', '675ea87e-ad1c-4915-a25f-c16bfb924a18', 'a613cf7f-2ee2-44d7-8e4e-ee664028da9d', '2024-01-05', False),
('133585PU', '4e2ec306-db7a-4f87-9750-219815caa4b0', 'd29e6aae-516b-4b4d-a6ad-a5d8836f3619', 'ada06422-e499-46dd-8a45-5ef46c5bb1ea', '2024-01-05', False),
('299898BI', '1fa59668-fe60-44b5-8765-a17578564a09', 'ffa4b10d-bea5-48ab-8cbe-034a928f44d1', '52d2462f-c4f3-4423-a4b1-3c032ecefadb', '2024-01-05', False),
('965819XQ', 'fb401f33-e067-472d-8f7b-f9c1ac278aea', 'ac670b96-e860-4d24-92df-5ab5f146f0ff', 'a613cf7f-2ee2-44d7-8e4e-ee664028da9d', '2024-01-05', False),
('739212RL', 'aa960f05-aca8-4708-a316-c3cb60bdb4a8', '49b9cb75-9715-46da-afbd-ac6801e1d075', 'a613cf7f-2ee2-44d7-8e4e-ee664028da9d', '2024-01-05', False),
('862772LX', 'd944cc07-c714-461a-a8d8-aaad7b1ca0dd', 'af7bdc02-9033-4155-a47a-7363252417f3', 'eae4ebcc-fdf7-4812-809c-9851e5a98a92', '2024-01-05', False),
('129562TV', '6fddffba-376c-4459-aa36-31fca134d515', 'f4fc5628-3c31-4800-b84e-e42fd00141ef', 'c8d7c40b-1ba0-4d95-8e9d-d4727917db66', '2024-01-05', False),
('927912PW', '915e0ab9-1982-45ec-90e9-362f1bced4e8', '5bc008ef-3891-4283-bcae-243575662e59', 'eae4ebcc-fdf7-4812-809c-9851e5a98a92', '2024-01-05', False),
('874939QU', '1d95ad4a-0b90-4302-b2b9-d2e269471e6f', '98f6f47b-3096-4d34-9fa8-3a6d09202164', '553c7101-b49c-49ff-a470-9b8d60591b3b', '2024-01-05', False),
('732342LW', 'cb528861-72cd-4152-b846-902519a50cba', 'e23352c4-aa70-4b36-8519-dff8d1742101', '553c7101-b49c-49ff-a470-9b8d60591b3b', '2024-01-05', False),
('177695BN', '3b359210-1468-4528-969c-6c156fbca4f4', '4240c727-ef33-49bb-b246-780ac4ffec51', 'f919c7a1-ffda-4368-9a70-79c81fe1280a', '2024-01-05', False),
('690732OP', 'b9a0faf5-1849-4dd6-a3bd-8a48fa6ccd42', '73b0251a-e881-409c-bbff-8ca71ccf9889', 'e2893e3f-624a-46c1-85f1-60f24b4d717d', '2024-01-05', False),
('592051CX', 'c1fe7e33-e233-4c5e-bff0-49cca6abe16b', '6befd359-b5a5-4c7c-9fc8-d9d140437be7', 'eb98c089-c386-4c2c-86c3-8671417dc8bc', '2024-01-05', False),
('931992MH', 'f64baab6-c80c-45aa-a11f-409bd1539601', '2f47bda8-bc1b-42c0-a364-0d5a36f5bfcd', '52d2462f-c4f3-4423-a4b1-3c032ecefadb', '2024-01-05', False),
('307562CS', 'a1c70ead-0ef6-4cd4-89df-3b6840a7bcaf', '54e1839e-f05b-4d03-b4e1-7d222bd58dba', 'e2893e3f-624a-46c1-85f1-60f24b4d717d', '2024-01-05', False),
('271684LN', '40272d9f-8461-4bcc-9cff-5a5ab55595e4', 'a10fb78f-97fb-4fc1-8381-10e15872144b', 'f919c7a1-ffda-4368-9a70-79c81fe1280a', '2024-01-05', False),
('359175XR', '93ca59d7-cb4a-49da-b675-589ef19d93fb', 'c9a0914c-79e0-4672-a836-51ead1c7dcc2', 'ada06422-e499-46dd-8a45-5ef46c5bb1ea', '2024-01-05', False),
('498713XK', '6edc7463-df41-4745-a77e-6cfdbc3b1048', '4240c727-ef33-49bb-b246-780ac4ffec51', 'eb98c089-c386-4c2c-86c3-8671417dc8bc', '2024-01-05', False),
('924420GU', '8d9bb5b1-af77-48ce-aebb-8d3bbd4670a3', '331de465-36f3-4a59-afb0-7b558a28ec84', 'eae4ebcc-fdf7-4812-809c-9851e5a98a92', '2024-01-05', False),
('121598OW', '4113b517-8c36-4b58-828e-9e07a2fd8452', 'ce9d1ace-6853-453e-8b9a-3c150c649330', 'f919c7a1-ffda-4368-9a70-79c81fe1280a', '2024-01-05', False),
('124844TW', 'c8329444-9f24-4698-ad9a-154b12f20294', '03c7c005-9d92-4686-8a1e-6e740c0473bc', 'eae4ebcc-fdf7-4812-809c-9851e5a98a92', '2024-01-05', False),
('191459UY', '80b2a236-6ed8-4b8b-9ae8-b1ae22424901', '195eb7a5-ef0f-40d6-8a14-0204404d7241', 'a613cf7f-2ee2-44d7-8e4e-ee664028da9d', '2024-01-05', False),
('532706MP', '8d9bb5b1-af77-48ce-aebb-8d3bbd4670a3', 'ac670b96-e860-4d24-92df-5ab5f146f0ff', 'eae4ebcc-fdf7-4812-809c-9851e5a98a92', '2024-01-05', False),
('125858AO', 'f70d35ad-9efc-4173-a8bd-c8ac91cafc77', 'dfdf63a3-a5ec-4a30-b104-08cd533832fe', 'f919c7a1-ffda-4368-9a70-79c81fe1280a', '2024-01-05', False),
('749596FV', '729e191d-eea7-49b8-aec1-2952d65f5b85', '0433f135-0dbf-4aea-b09c-11da57dcce5c', '553c7101-b49c-49ff-a470-9b8d60591b3b', '2024-01-05', False),
('862999QJ', 'b2a88752-2f66-40d0-9248-1736e065fb34', '7fd54e34-abfb-4e47-8a96-53b0b98dea5f', 'c8d7c40b-1ba0-4d95-8e9d-d4727917db66', '2024-01-05', False),
('227582KH', '5f68a60b-2723-43c5-824e-f4b92cabc684', 'ea64d667-f798-4d36-bc72-3af8dfb40bea', 'ada06422-e499-46dd-8a45-5ef46c5bb1ea', '2024-01-05', False),
('873456KY', '1425d53c-a9ae-4e51-bdf8-03a238dd7c30', '20bc3e80-b14d-4960-90e2-0de048af6908', '52d2462f-c4f3-4423-a4b1-3c032ecefadb', '2024-01-05', False),
('798363DY', '820f6d0d-7352-4d12-afcc-e452a9ad7ae0', '6bcc2e93-bc5d-4613-a34b-03550b88093c', '52d2462f-c4f3-4423-a4b1-3c032ecefadb', '2024-01-05', False),
('677328WN', '3e9f2f44-723c-467b-9b25-02255ebd40bc', '37671367-3bb1-441f-b5b9-eeb07d1d3ccd', 'a613cf7f-2ee2-44d7-8e4e-ee664028da9d', '2024-01-05', False),
('129797JU', 'e9effe89-12d6-40b2-9e5a-b5950ea4980d', 'ea64d667-f798-4d36-bc72-3af8dfb40bea', 'eae4ebcc-fdf7-4812-809c-9851e5a98a92', '2024-01-05', False),
('608854GC', '41545c16-22d2-421d-aef7-14f8fbaf6967', 'c4c157ef-5dc9-46b8-8db0-fa5b72d43e57', 'c8d7c40b-1ba0-4d95-8e9d-d4727917db66', '2024-01-05', False),
('984127VV', '1d95ad4a-0b90-4302-b2b9-d2e269471e6f', '3ec870c2-6c16-4110-b185-4b1a64eb3da1', 'eb98c089-c386-4c2c-86c3-8671417dc8bc', '2024-01-05', False),
('680737XV', '4d2774e8-f689-4b37-a0da-530c782474f8', 'dfdf63a3-a5ec-4a30-b104-08cd533832fe', '52d2462f-c4f3-4423-a4b1-3c032ecefadb', '2024-01-05', False),
('883347FG', 'b0db2c85-09ee-4877-b643-fc283a7407b5', 'd8ec1aec-beb1-4789-9f23-dbbd00619ee6', 'eae4ebcc-fdf7-4812-809c-9851e5a98a92', '2024-01-05', False),
('574592UI', 'a4306c4f-5639-4546-ad4f-b3074df5c108', '19b75197-9dae-4102-9fb0-4a3244fa5e1e', 'ada06422-e499-46dd-8a45-5ef46c5bb1ea', '2024-01-05', False),
('578915HB', '31902578-7ab5-4660-97f0-2c2b4706f220', '46c29e2e-e434-442a-a75f-c73859835a2a', 'c8d7c40b-1ba0-4d95-8e9d-d4727917db66', '2024-01-05', False),
('681186AS', '03338e3d-25e2-48a2-bb5c-a4d6e6dfb581', '7ff1a214-e49f-434e-9586-4e31483ad583', 'f919c7a1-ffda-4368-9a70-79c81fe1280a', '2024-01-05', False),
('929474BC', '2cfb8be2-c941-4bc3-9a8f-4ba742dd77a9', 'c4c157ef-5dc9-46b8-8db0-fa5b72d43e57', 'f919c7a1-ffda-4368-9a70-79c81fe1280a', '2024-01-05', False),
('987047JW', 'b5b9c5e3-185c-4761-83fc-1f14b8b66c88', 'bf6e5e74-dd3d-46ec-a4f6-e9b2a5ca938e', 'c8d7c40b-1ba0-4d95-8e9d-d4727917db66', '2024-01-05', False),
('318114JD', 'b65dec47-7cd6-4ba1-a6c5-386249b9e0ba', 'c542e5bd-91c6-4a71-b261-db89c723f561', 'ada06422-e499-46dd-8a45-5ef46c5bb1ea', '2024-01-05', False),
('205039JO', '74d4d2a0-40c3-4066-a73e-477a14faf343', 'c542e5bd-91c6-4a71-b261-db89c723f561', 'a613cf7f-2ee2-44d7-8e4e-ee664028da9d', '2024-01-05', False),
('484192TL', 'a4306c4f-5639-4546-ad4f-b3074df5c108', 'ac670b96-e860-4d24-92df-5ab5f146f0ff', 'eb98c089-c386-4c2c-86c3-8671417dc8bc', '2024-01-05', False),
('856132NW', 'b63f1481-4868-4ad9-ba28-16afd8b84878', '7ff1a214-e49f-434e-9586-4e31483ad583', 'eae4ebcc-fdf7-4812-809c-9851e5a98a92', '2024-01-05', False),
('101623SP', '98eb4055-6991-4b88-a1bd-30e8c08e4ba8', '36eb0438-4735-4326-b58b-d897ee52225f', 'f919c7a1-ffda-4368-9a70-79c81fe1280a', '2024-01-05', False),
('373583MJ', '4d2774e8-f689-4b37-a0da-530c782474f8', '2bc3cf59-4884-48a5-bb11-2e86ed3d2012', 'a613cf7f-2ee2-44d7-8e4e-ee664028da9d', '2024-01-05', False),
('606732OJ', 'ece4e32f-b47b-4d5b-acec-467685768803', 'af7bdc02-9033-4155-a47a-7363252417f3', '52d2462f-c4f3-4423-a4b1-3c032ecefadb', '2024-01-05', False),
('689010QA', '6edc7463-df41-4745-a77e-6cfdbc3b1048', '6bcc2e93-bc5d-4613-a34b-03550b88093c', '553c7101-b49c-49ff-a470-9b8d60591b3b', '2024-01-05', False),
('860414BG', '4b5205d1-ef2c-4ff3-b209-dda083fa6507', 'ddbc7777-2ab2-40aa-89d0-9603f723e23c', 'a613cf7f-2ee2-44d7-8e4e-ee664028da9d', '2024-01-05', False),
('403979LK', '4a7ea802-85ec-4da9-812f-60bfe1f1fc60', 'a681593e-3303-4a76-8a90-1e98eb4de4b3', 'e2893e3f-624a-46c1-85f1-60f24b4d717d', '2024-01-05', False),
('977380PH', 'c0aa5b83-caed-40aa-bba2-0a85f81e845b', 'fcacd915-efc0-4ddb-802d-eeb376a576fb', 'c8d7c40b-1ba0-4d95-8e9d-d4727917db66', '2024-01-05', False),
('210337VI', 'b2da9a14-0096-4d53-96c4-d28ff62d3222', 'd29e6aae-516b-4b4d-a6ad-a5d8836f3619', 'ada06422-e499-46dd-8a45-5ef46c5bb1ea', '2024-01-05', False) ON CONFLICT DO NOTHING;
